,poa_code_2021,median_age_persons,median_tot_prsnl_inc_weekly,median_tot_fam_inc_weekly,median_tot_hhd_inc_weekly,negative_nil_income_tot,hi_1_149_tot,hi_150_299_tot,hi_300_399_tot,hi_400_499_tot,hi_500_649_tot,hi_650_799_tot,hi_800_999_tot,hi_1000_1249_tot,hi_1250_1499_tot,hi_1500_1749_tot,hi_1750_1999_tot,hi_2000_2499_tot,hi_2500_2999_tot,hi_3000_3499_tot,hi_3500_3999_tot,hi_4000_more_tot,partial_income_stated_tot,all_incomes_not_stated_tot,tot_family_households,tot_non_family_households,m_neg_nil_income_tot,m_1_149_tot,m_150_299_tot,m_300_399_tot,m_400_499_tot,m_500_649_tot,m_650_799_tot,m_800_999_tot,m_1000_1249_tot,m_1250_1499_tot,m_1500_1749_tot,m_1750_1999_tot,m_2000_2999_tot,m_3000_3499_tot,m_3500_more_tot,m_pi_ns_ns_tot,f_neg_nil_income_tot,f_1_149_tot,f_150_299_tot,f_300_399_tot,f_400_499_tot,f_500_649_tot,f_650_799_tot,f_800_999_tot,f_1000_1249_tot,f_1250_1499_tot,f_1500_1749_tot,f_1750_1999_tot,f_2000_2999_tot,f_3000_3499_tot,f_3500_more_tot,f_pi_ns_ns_tot
0,6182,0,0,0,0,0,0,0,0,0,0,0,0,0,0,0,0,0,0,0,0,0,0,0,0,0,0,0,0,0,0,0,0,0,0,0,0,0,0,0,0,0,0,0,0,0,0,0,0,0,0,0,0,0,0,0,0,0
1,6067,33,341,850,849,0,0,0,0,0,0,0,0,0,0,0,0,0,0,0,0,0,0,0,7,3,0,3,0,4,0,0,0,3,0,0,0,0,0,0,0,3,0,0,9,4,0,0,3,0,0,0,0,0,0,0,0,0
2,6770,29,367,794,1066,0,8,38,35,63,45,61,65,63,65,45,44,57,37,25,9,19,73,62,576,245,83,32,274,163,56,37,31,35,45,45,30,21,49,16,14,214,72,42,251,166,107,75,35,52,59,41,42,20,39,9,0,201
3,6718,34,368,1006,1074,0,0,9,8,16,18,17,27,24,18,8,13,18,11,10,6,5,10,0,169,56,47,5,71,41,20,6,13,12,13,19,3,6,15,0,0,225,42,10,51,46,33,35,15,11,14,11,6,3,15,0,0,42
4,6765,31,386,863,1226,0,5,21,22,28,13,40,48,37,32,18,28,48,19,26,10,14,43,9,313,150,24,12,142,112,44,10,18,29,39,27,23,16,30,3,0,78,19,27,122,140,62,27,19,22,38,34,29,18,31,0,0,71
5,6473,40,425,1274,1625,6,0,0,0,0,0,7,0,0,0,0,0,5,4,0,0,0,3,0,13,3,0,0,0,3,0,0,0,0,0,7,0,0,4,0,0,3,3,0,0,3,0,0,0,4,0,0,0,0,0,0,0,0
6,6489,59,458,933,710,0,0,0,3,14,0,3,7,0,0,0,6,0,0,0,0,0,0,7,22,22,3,0,0,5,11,0,0,3,0,0,0,4,0,0,0,6,3,0,0,4,3,0,4,0,0,0,0,0,5,0,0,9
7,6628,37,459,474,900,0,0,0,0,0,0,0,0,0,0,0,0,0,0,0,0,0,0,0,3,0,0,0,0,0,0,0,0,0,0,0,0,0,0,0,0,0,6,0,0,0,0,0,0,0,0,0,0,0,0,0,0,0
8,6740,34,460,951,1165,11,3,15,24,16,19,27,30,36,26,28,13,41,17,17,8,12,29,17,264,129,46,14,75,57,35,27,18,22,31,30,29,12,46,14,22,135,51,19,70,75,48,40,24,21,22,28,16,13,10,8,3,87
9,6705,37,484,1312,1300,4,0,3,0,3,0,4,3,5,6,5,0,6,0,5,4,3,8,0,38,20,3,0,13,8,7,0,0,5,6,4,0,0,3,0,0,10,5,0,8,4,8,4,3,3,4,0,3,0,5,0,0,0
10,6413,54,487,1312,866,0,0,5,0,0,0,0,4,4,5,0,0,4,0,0,0,0,0,0,16,6,0,0,0,9,0,3,0,0,0,0,0,4,0,0,0,3,3,4,0,6,0,0,0,0,0,0,0,0,0,0,0,0
11,6398,58,493,1088,794,4,4,7,9,37,20,35,20,25,18,7,7,11,8,7,3,3,14,7,157,95,10,0,23,42,31,26,24,18,18,12,10,3,11,4,6,23,24,12,25,43,27,35,27,11,10,3,4,4,9,0,0,11
12,6728,32,496,1153,1357,17,7,55,35,118,49,95,73,101,104,93,79,129,51,72,26,78,130,56,926,446,120,27,357,148,121,72,69,79,99,85,100,60,105,30,21,595,114,38,318,156,145,124,78,83,85,104,105,78,95,15,17,492
13,6518,52,512,971,837,0,0,4,5,11,5,9,7,0,5,4,5,0,3,0,0,5,13,3,52,27,7,4,4,12,7,3,6,10,3,5,8,3,0,0,0,19,10,4,5,9,12,6,11,9,0,3,5,5,3,0,0,20
14,6397,49,514,1333,900,0,0,5,0,4,0,5,11,3,4,0,4,7,0,0,0,0,3,0,21,15,4,0,3,0,12,3,6,0,6,4,0,0,0,0,0,3,5,0,6,0,4,0,3,4,0,0,3,0,0,0,0,3
15,6488,55,517,1100,885,0,3,0,0,10,4,9,6,8,4,5,4,3,0,0,0,0,9,7,37,31,0,3,0,11,11,5,8,8,7,8,5,0,5,0,0,6,5,6,8,7,11,8,3,5,4,0,3,0,5,0,0,11
16,6393,46,517,1104,1036,0,0,0,0,0,4,0,6,7,0,0,0,0,0,0,0,0,7,4,36,7,3,5,6,11,3,6,0,5,4,4,0,0,0,0,0,8,3,4,4,4,0,3,3,6,0,0,0,0,0,0,0,9
17,6243,48,518,1124,833,0,0,0,3,5,5,0,0,0,0,0,0,0,0,0,0,0,4,0,20,12,4,0,9,0,5,0,0,7,4,0,0,0,4,0,0,8,8,0,0,4,4,4,5,9,0,0,0,0,0,0,3,3
18,6514,61,521,1156,889,12,10,6,17,33,20,22,27,20,23,6,10,24,9,3,0,13,21,9,172,101,28,7,14,36,37,28,19,9,25,22,19,14,18,3,9,33,35,12,18,37,38,19,25,17,18,5,6,4,14,0,6,24
19,6126,51,521,1857,1458,4,0,0,0,3,7,8,8,4,4,8,5,5,0,0,7,8,7,3,67,24,21,3,0,5,16,6,6,7,12,6,8,0,5,3,3,14,14,10,7,10,13,6,7,6,9,6,3,3,3,0,0,10
20,6042,64,537,1375,959,0,0,0,5,8,4,0,3,5,0,0,0,8,3,0,0,3,0,0,20,18,0,0,5,5,3,3,3,0,6,4,0,0,0,0,3,13,7,0,9,3,3,7,0,3,5,3,0,0,0,0,0,8
21,6410,52,538,1491,958,16,6,10,15,41,21,36,28,24,22,12,22,35,19,12,0,14,26,12,233,144,28,11,20,52,47,30,16,29,40,24,19,22,21,6,7,51,43,23,24,47,57,41,31,24,26,17,15,3,13,3,5,54
22,6253,58,540,1279,951,8,13,0,9,36,21,29,27,26,19,12,8,24,13,8,5,18,30,3,182,112,25,6,18,35,20,31,13,13,19,10,11,13,32,3,10,24,14,23,22,48,40,26,19,18,21,10,10,3,13,0,0,17
23,6290,61,545,1200,901,22,9,13,22,96,64,100,70,67,79,37,32,49,17,17,9,22,62,29,503,315,35,18,43,106,98,93,69,53,68,41,24,23,36,10,16,83,62,38,56,111,139,91,98,60,51,31,22,12,15,0,3,69
24,6403,52,547,1375,1125,4,0,0,0,8,6,3,3,4,3,3,0,4,0,3,0,4,6,0,45,25,3,0,6,8,9,6,5,8,11,7,0,0,7,0,0,4,4,4,3,12,4,7,4,4,3,4,3,0,6,0,0,5
25,6535,55,551,1455,1068,16,4,12,16,79,25,58,47,34,43,27,23,48,34,22,11,29,47,22,403,195,42,19,43,80,83,32,38,37,45,39,38,21,32,19,21,105,55,17,38,73,97,55,46,41,41,27,25,13,13,4,8,86
26,6254,50,555,1454,1068,4,0,0,12,33,11,16,24,11,12,11,11,20,10,4,3,10,18,5,128,85,12,3,11,23,24,12,12,10,11,18,14,13,24,4,9,36,26,6,15,36,31,21,13,6,8,9,6,4,7,0,0,20
27,6323,54,556,1349,1040,4,0,8,15,50,27,46,38,25,37,18,17,42,20,13,3,22,29,14,289,149,25,11,25,60,59,28,26,35,45,18,14,23,19,6,12,48,36,13,32,66,50,34,48,26,32,18,12,8,8,3,5,41
28,6041,51,567,1557,1311,7,0,3,24,42,27,54,37,32,40,23,34,49,27,20,13,35,72,11,432,125,51,7,32,90,57,25,39,48,50,32,37,29,69,24,25,82,88,15,50,96,82,58,51,42,36,23,23,8,24,6,9,57
29,6304,56,568,1409,1055,14,7,14,19,71,38,57,59,53,50,27,25,53,30,17,16,31,63,16,447,224,50,17,35,95,71,52,44,49,67,43,32,21,54,13,20,104,74,23,46,87,93,68,44,47,43,39,22,12,31,3,6,81
30,6209,51,568,1566,1122,18,7,11,37,68,56,58,57,46,41,33,31,50,43,28,21,71,74,19,505,259,55,22,41,99,89,85,49,35,55,37,44,32,88,20,35,116,83,36,57,110,99,90,66,54,58,29,27,15,28,3,7,80
31,6079,66,575,2083,2062,0,0,0,0,0,3,0,0,0,0,0,0,4,3,0,0,0,0,0,13,0,0,0,0,5,0,0,0,0,0,0,0,0,0,0,0,0,0,0,0,4,0,5,0,0,0,0,0,0,0,0,0,0
32,6275,56,576,1381,1102,12,7,20,18,44,32,67,54,50,54,27,29,45,25,13,10,28,45,16,400,196,44,14,36,84,60,37,48,57,65,30,21,20,34,11,21,88,62,24,52,92,57,68,47,42,41,28,17,10,12,3,8,80
33,6485,54,577,1410,866,3,5,3,7,22,19,26,11,18,14,6,4,16,7,5,4,11,5,0,101,97,11,0,7,37,25,21,3,14,8,12,11,3,20,3,5,24,14,6,4,31,16,21,13,11,10,7,8,3,11,0,0,24
34,6229,61,581,1274,741,0,4,3,3,6,17,6,3,6,9,0,3,3,0,4,4,0,10,7,39,51,3,4,6,14,4,8,7,6,5,5,0,6,8,0,0,18,6,0,5,9,5,11,0,4,5,0,4,0,0,0,0,15
35,6262,54,581,1350,1044,3,9,5,7,34,15,27,17,25,18,12,19,13,11,18,0,5,27,3,184,85,11,8,22,32,32,30,16,20,29,18,6,8,23,6,7,39,20,20,19,38,43,26,38,19,24,11,5,4,5,0,4,39
36,6219,46,589,1761,1518,9,0,3,3,9,11,23,15,10,12,10,12,27,19,9,6,17,12,3,172,45,19,6,10,28,15,11,10,20,12,18,18,8,27,10,9,17,37,7,18,30,28,30,23,15,14,8,5,9,4,3,0,15
37,6218,44,592,1481,1093,0,0,0,11,17,10,25,23,23,11,7,10,21,10,3,0,16,23,6,148,60,16,0,10,26,20,15,11,20,23,15,11,15,19,4,5,14,27,4,13,32,19,30,24,8,14,6,5,0,3,0,3,19
38,6225,45,593,1622,1240,62,13,62,137,359,168,297,240,254,252,178,172,312,206,184,88,192,259,86,2341,1180,265,91,178,409,288,179,196,185,282,201,193,221,497,111,91,381,439,148,255,491,465,400,302,251,211,140,113,62,102,3,14,335
39,6383,55,598,1437,1115,9,0,10,11,26,15,28,30,25,20,16,9,20,9,8,6,15,26,8,204,104,11,3,19,42,26,21,16,12,23,27,18,17,19,5,9,104,33,13,20,48,46,34,23,25,13,13,17,5,10,4,8,108
40,6165,52,599,1749,1312,0,0,0,0,0,0,5,0,4,0,0,0,5,0,0,4,0,3,0,13,8,5,0,0,7,4,0,4,0,10,4,0,0,0,3,0,3,3,0,0,0,0,7,0,4,5,0,0,0,0,0,0,3
41,6221,42,602,1958,1916,0,0,0,0,8,3,0,4,9,3,5,6,3,6,6,5,9,13,0,69,15,19,15,0,7,5,8,9,6,6,6,8,8,12,3,4,17,22,13,10,11,14,12,12,10,17,4,6,3,4,4,0,4
42,6302,56,604,1536,1126,31,13,25,49,151,88,125,108,102,87,68,75,134,81,51,23,75,95,36,929,499,105,32,69,159,139,104,93,110,98,83,98,57,116,24,32,178,132,49,78,199,198,145,98,108,122,64,52,36,60,6,9,145
43,6224,44,608,1653,1349,8,5,6,10,30,25,35,22,42,27,24,24,44,20,15,11,39,49,15,335,119,37,13,22,55,29,41,19,25,44,40,32,26,45,17,17,61,61,26,28,54,56,56,44,25,35,18,21,10,7,3,0,64
44,6372,53,612,1687,1031,0,0,0,0,8,0,0,4,6,3,0,3,0,0,0,0,0,4,0,28,17,5,0,5,5,6,0,5,0,9,5,0,5,5,0,0,9,0,0,4,5,10,7,5,0,0,0,0,0,0,0,0,3
45,6566,54,614,1512,1190,26,9,22,31,121,71,107,108,100,85,63,69,111,68,61,32,61,122,30,884,405,82,32,74,126,150,94,71,71,111,64,86,62,144,30,37,209,155,47,88,150,162,123,95,111,94,69,49,37,35,6,11,174
46,6255,51,618,1622,1208,35,19,18,42,164,94,155,127,134,111,79,83,159,102,100,42,84,147,35,1228,502,118,45,81,167,157,105,100,125,137,83,99,97,198,41,49,152,206,100,125,218,221,210,166,153,129,69,67,32,53,9,14,144
47,6322,49,620,1410,1187,6,0,0,3,8,6,14,4,3,10,3,0,3,3,0,4,7,7,8,66,17,7,0,8,9,6,7,10,7,4,3,7,5,3,5,0,13,6,4,9,12,8,10,13,9,0,0,5,3,0,0,0,13
48,6215,48,620,1701,1312,41,20,29,52,119,71,123,109,104,91,70,72,147,90,80,40,122,164,52,1101,481,121,44,70,167,119,101,85,96,121,90,106,101,220,65,66,206,227,84,126,207,193,177,142,116,98,52,57,42,58,7,13,165
49,6208,44,620,1632,1305,78,39,68,125,356,257,470,325,342,299,232,215,443,287,261,128,334,505,117,3533,1338,299,118,249,547,369,330,269,292,335,237,293,272,694,173,173,484,650,248,351,666,634,536,442,394,342,194,190,114,169,31,32,424
50,6567,54,621,1468,1357,4,5,4,5,16,4,8,12,10,20,3,3,17,11,9,4,8,22,0,128,45,13,3,8,20,18,14,7,16,17,18,4,17,18,4,3,34,23,8,16,23,19,21,13,12,16,6,7,3,4,3,0,30
51,6210,47,621,1606,1222,609,216,473,889,2440,1930,2568,2265,2222,1954,1354,1307,2613,1522,1405,782,2189,2573,652,20340,9614,2042,726,1378,2901,2374,2029,1711,1710,2089,1610,1538,1357,3457,931,1330,2482,3647,1282,2153,3790,4063,3616,2683,2425,2200,1449,1104,746,1088,168,269,2329
52,6484,54,624,2749,724,0,0,0,0,3,0,0,0,0,0,0,0,0,0,0,0,0,0,5,9,8,0,0,0,0,3,0,0,3,3,0,0,0,0,0,0,3,5,0,0,0,0,0,0,0,0,0,0,0,0,0,0,0
53,6466,51,624,1749,1437,0,0,0,0,3,0,0,0,0,4,0,0,0,0,0,0,0,5,0,17,0,0,0,0,0,5,3,0,4,4,0,0,0,0,0,0,0,0,0,3,0,0,0,0,0,0,0,0,6,0,0,0,3
54,6525,53,626,1598,1168,39,5,22,54,114,103,114,101,85,88,64,64,124,67,56,43,85,157,49,973,459,110,42,61,161,107,101,78,90,108,80,82,71,153,45,46,225,148,57,91,181,177,162,109,107,110,62,51,44,71,11,15,177
55,6228,49,626,1624,1375,0,0,3,4,3,3,0,8,4,9,5,5,3,3,0,3,0,7,5,38,27,0,0,4,4,10,7,0,6,0,7,6,4,3,0,3,9,4,3,0,3,11,4,3,3,0,4,0,0,5,0,0,4
56,6064,37,626,1634,1422,232,62,169,290,734,428,744,768,884,916,739,636,1199,738,515,301,524,709,175,7869,2892,1185,332,704,1143,840,702,831,1201,1398,999,735,547,743,129,107,844,1667,486,970,1440,1388,1156,1024,1078,978,627,433,242,312,30,30,822
57,6564,50,627,1604,1333,0,0,0,3,7,3,21,12,8,14,10,7,12,9,7,3,10,11,0,88,46,6,0,5,18,13,8,9,3,13,13,9,10,12,4,4,11,15,6,7,25,17,9,7,10,10,11,12,3,3,0,0,10
58,6528,50,627,1547,1278,3,0,0,3,7,5,19,3,16,7,11,14,13,3,6,0,3,20,6,97,41,7,5,11,14,13,13,12,11,11,4,10,4,14,3,5,21,12,6,13,22,14,13,12,6,9,6,5,0,9,0,0,17
59,6511,55,628,1401,1044,6,4,5,11,20,8,16,15,12,18,7,13,14,4,4,7,11,10,3,118,76,9,5,11,24,24,19,23,16,14,9,6,10,9,7,4,22,12,7,5,21,29,20,20,28,15,10,3,0,6,4,0,15
60,6324,47,629,1523,1191,20,10,15,33,130,99,116,99,106,89,68,57,116,88,49,23,84,115,31,952,404,100,35,66,128,132,101,79,127,160,84,79,61,102,19,35,252,142,63,95,155,182,166,117,114,104,55,41,38,47,11,25,185
61,6333,50,630,1491,1134,38,22,49,73,217,140,194,195,208,169,106,114,161,136,95,43,134,232,38,1594,765,159,93,123,236,210,179,175,175,228,144,122,110,164,56,81,270,218,122,188,278,295,303,229,205,168,120,107,64,83,16,28,259
62,6043,59,631,1583,1136,3,0,4,0,16,5,0,0,15,7,4,13,3,0,0,3,4,10,7,72,48,9,6,0,9,14,10,7,4,3,9,6,7,7,3,6,17,10,3,3,9,13,9,9,7,4,4,8,4,0,0,0,9
63,6516,52,632,1496,1187,22,11,19,35,57,34,73,51,50,53,37,34,60,40,48,15,36,93,18,542,236,48,25,44,100,50,64,43,60,55,37,49,33,100,34,21,96,78,45,48,110,93,77,75,67,54,38,22,21,37,0,11,80
64,6308,51,635,1489,1148,16,5,7,25,51,32,56,47,44,41,28,26,53,22,34,6,35,59,19,413,198,42,12,26,70,60,36,33,44,51,38,42,44,63,9,21,94,70,24,31,75,77,61,47,38,50,20,21,17,17,3,10,84
65,6211,45,637,1712,1436,71,25,37,65,204,138,257,194,219,200,125,160,276,188,192,83,268,349,51,2431,673,252,96,166,354,221,210,188,185,230,181,159,182,463,145,176,255,430,174,266,454,304,361,295,240,238,138,123,84,133,21,22,168
66,6306,50,639,1669,1318,4,0,11,5,29,14,23,22,28,23,21,19,24,16,16,11,27,29,14,238,103,11,10,27,50,36,18,21,32,38,18,35,13,43,10,5,54,25,9,33,57,38,49,25,20,32,20,16,10,16,8,4,42
67,6536,53,640,1427,1122,13,0,4,18,40,38,58,51,44,41,30,22,48,26,26,10,25,44,14,371,183,32,9,36,83,58,38,42,53,48,30,39,30,48,13,12,112,45,11,48,70,59,67,49,44,48,26,21,11,13,0,3,90
68,6490,49,640,1268,1087,3,0,0,4,5,5,9,13,8,6,3,0,3,5,4,0,3,11,3,61,31,9,0,4,6,3,9,3,0,16,3,10,3,4,3,0,29,7,0,6,4,11,5,10,4,5,9,4,3,3,0,0,28
69,6606,51,641,1350,949,0,0,6,0,6,3,10,8,6,6,0,0,7,5,0,0,5,4,3,39,25,0,4,3,5,9,5,4,3,8,3,0,5,3,0,0,4,0,0,5,6,7,4,3,0,4,0,0,4,0,0,0,4
70,6431,33,643,1054,1523,0,0,0,5,6,4,12,11,11,16,22,16,16,0,10,6,4,13,3,115,51,14,0,48,45,35,23,4,7,12,16,33,19,69,28,28,121,12,0,44,42,23,35,20,18,6,14,15,6,17,0,0,42
71,6109,36,644,1620,1358,91,32,65,135,319,221,308,336,411,376,283,272,503,285,220,99,196,362,72,3110,1473,438,147,224,412,301,304,326,521,667,433,331,248,334,67,59,479,824,210,373,539,539,494,410,410,356,213,175,74,96,22,9,386
72,6213,50,647,1928,1383,6,6,4,9,13,14,13,15,17,16,6,10,35,12,12,3,24,25,8,171,69,16,13,14,22,18,19,8,17,18,16,13,17,33,18,7,35,27,20,15,19,21,27,25,17,19,10,11,10,9,4,0,27
73,6401,42,653,1604,1263,41,19,53,92,269,170,226,206,233,220,158,140,295,181,130,68,144,234,78,1963,1002,209,85,155,292,245,197,158,195,305,200,160,148,284,59,56,714,311,148,169,307,405,315,249,259,255,169,132,84,116,21,21,372
74,6168,46,655,1574,1176,197,65,154,377,944,724,809,818,853,752,591,519,897,554,425,216,500,718,253,6221,4148,638,186,470,971,791,665,557,699,949,755,662,544,1007,244,250,1284,1109,336,665,1107,1410,1201,896,746,814,523,395,235,283,44,54,944
75,6502,49,656,1739,1379,5,5,12,6,31,21,31,40,34,32,20,16,40,30,35,7,33,42,16,329,104,53,12,16,41,50,31,29,30,34,34,36,15,45,12,19,58,68,19,26,50,46,44,29,52,29,18,19,14,22,0,8,58
76,6327,46,656,1875,1481,0,0,3,3,0,6,10,8,3,7,3,3,14,6,0,4,8,3,5,61,20,6,0,5,14,5,3,11,11,13,6,6,4,9,3,0,21,4,4,4,14,9,6,10,0,5,5,6,0,3,0,0,10
77,6504,52,658,1687,1224,4,0,0,5,4,0,8,7,6,5,0,8,4,6,3,4,4,9,0,55,12,9,0,0,11,8,4,4,8,9,6,3,0,10,6,0,21,9,0,4,11,8,8,3,3,4,4,8,0,0,0,0,18
78,6240,57,659,1562,1312,0,0,0,0,9,0,5,4,9,3,0,0,4,3,4,0,6,10,0,53,12,0,4,4,5,7,5,3,3,0,4,3,0,4,3,6,9,14,0,8,9,6,6,5,10,6,3,3,0,3,0,0,5
79,6445,48,661,1541,966,5,0,0,0,4,3,0,5,6,4,0,7,5,5,4,0,3,6,0,43,16,7,3,4,6,0,0,4,8,4,3,3,3,0,0,4,7,8,0,8,5,4,3,4,4,5,0,0,0,3,3,3,9
80,6351,38,669,1625,1187,4,0,0,0,0,0,0,0,6,0,0,0,0,3,0,0,0,4,3,14,5,0,0,0,0,4,9,0,0,0,0,0,5,0,0,0,7,0,0,0,0,0,5,3,0,0,4,0,0,0,0,0,7
81,6311,50,673,1476,1277,5,0,7,8,29,6,14,17,25,15,15,15,20,16,11,0,5,32,9,171,71,8,5,15,23,25,18,11,16,37,18,11,13,19,5,8,23,23,6,19,24,23,30,15,25,10,12,13,8,8,0,6,21
82,6639,60,675,1833,949,0,0,0,5,4,0,3,3,4,0,0,3,4,0,3,0,0,0,0,16,27,4,0,0,4,3,3,3,6,6,6,3,4,4,0,0,26,6,0,4,0,9,0,3,4,3,3,0,0,0,0,0,9
83,6309,51,675,1452,1142,0,0,0,0,18,5,10,8,5,13,0,8,6,3,3,0,6,18,0,83,37,7,0,6,11,14,14,14,11,14,7,10,6,9,3,0,13,10,4,6,9,15,8,16,13,6,3,5,0,4,0,0,15
84,6239,47,675,1774,1406,31,17,16,35,119,72,139,116,127,128,75,78,163,113,96,56,125,152,34,1271,430,118,63,73,148,136,109,129,125,164,99,112,105,212,59,52,154,225,104,147,191,240,172,182,141,125,88,77,61,76,13,18,119
85,6252,54,680,1437,1270,0,3,0,0,4,3,0,8,0,7,9,6,0,4,6,0,9,5,0,42,22,6,0,8,0,3,6,7,9,3,3,4,0,3,0,3,6,8,0,5,0,7,3,6,6,4,0,0,6,4,0,0,5
86,6443,50,680,1264,837,5,0,9,9,42,18,25,27,13,9,10,6,16,9,4,3,11,28,17,127,136,11,7,27,33,36,16,16,22,20,7,15,14,37,10,4,93,18,5,11,21,32,24,28,34,18,7,12,4,7,0,5,61
87,6108,38,682,1825,1571,175,40,107,193,443,324,561,565,652,661,493,534,1028,614,515,280,533,564,120,6405,2001,804,243,472,790,570,550,519,734,1034,792,671,530,842,181,148,519,1357,445,655,995,961,914,815,792,779,562,361,246,269,36,30,455
88,6630,43,684,1958,1194,5,0,8,11,14,9,11,7,11,10,10,4,11,11,13,7,4,16,3,98,63,9,3,12,16,22,9,3,11,16,9,15,7,21,4,7,44,15,8,13,17,27,3,8,7,12,11,9,5,3,7,7,40
89,6044,54,685,1381,1086,18,9,11,16,44,27,47,50,23,29,27,21,38,29,24,10,28,57,17,318,206,37,20,33,67,51,27,41,53,33,34,34,24,47,13,23,78,57,27,20,57,44,40,72,57,33,22,19,11,11,7,10,52
90,6423,61,687,1359,1145,0,0,4,0,9,3,9,4,8,6,4,0,3,0,0,0,3,3,3,38,28,0,3,0,9,7,5,4,4,6,3,4,7,3,0,5,8,6,0,7,13,7,0,11,3,4,5,6,0,0,0,0,9
91,6623,43,687,1649,1358,5,0,9,9,17,9,9,13,13,16,11,9,23,7,9,9,9,14,5,117,71,13,0,8,17,14,21,4,20,18,16,5,10,15,9,5,46,10,9,23,24,22,14,12,15,16,10,6,6,13,0,6,54
92,6147,38,689,1745,1458,111,47,84,117,355,250,388,355,511,436,346,313,661,392,283,181,331,362,70,3953,1652,523,202,316,490,398,358,394,522,704,503,416,269,502,89,96,364,844,256,388,580,667,547,510,518,498,351,272,168,179,27,25,293
93,6077,55,691,1925,1448,13,3,7,10,29,38,45,32,44,44,21,19,41,36,29,16,88,66,19,454,145,70,13,16,55,47,60,56,48,67,43,38,43,54,12,35,58,66,31,47,70,60,99,61,51,52,39,28,14,34,8,9,56
94,6251,51,692,1645,1267,0,0,0,4,15,6,12,9,8,3,8,5,9,12,5,3,8,11,0,84,33,4,8,3,11,17,8,10,12,8,9,3,4,13,3,7,8,16,5,13,14,9,16,10,15,8,6,3,6,9,0,0,5
95,6560,46,692,1762,1520,0,3,5,10,40,33,37,37,34,30,36,29,50,31,32,11,38,39,12,363,145,30,11,24,48,40,35,36,36,41,37,41,27,44,13,12,61,71,20,33,50,71,52,40,39,41,29,35,22,23,4,0,59
96,6033,44,693,2441,2307,3,0,7,3,0,0,3,8,0,11,3,4,13,15,9,13,23,14,5,113,21,27,4,11,14,13,9,4,12,17,9,11,15,19,3,8,24,27,9,12,9,16,16,9,12,16,10,3,3,8,0,3,15
97,6102,32,693,1902,1410,113,44,101,178,395,354,285,309,347,384,266,267,564,313,271,128,428,360,97,2627,2568,446,120,292,464,441,516,400,536,651,451,350,233,426,88,125,700,588,214,354,527,579,593,411,487,453,297,255,165,224,31,40,873
98,6063,36,697,1843,1632,95,39,66,105,235,157,285,299,394,409,319,309,597,435,275,166,320,379,77,3810,1149,551,166,311,479,326,277,371,550,677,514,402,296,466,97,80,349,862,256,430,594,533,536,513,520,491,329,240,133,153,28,20,328
99,6258,45,699,1680,1275,32,24,62,77,182,136,193,213,213,196,155,135,265,163,108,55,91,171,61,1664,855,164,78,118,201,179,194,197,292,269,199,197,107,181,17,39,238,213,136,186,280,285,279,234,265,215,127,98,64,67,5,9,216
100,6409,46,701,1583,1125,0,4,4,4,19,7,10,7,10,11,5,7,12,13,3,5,5,15,3,91,51,17,3,8,8,15,8,7,15,15,12,9,12,11,3,6,25,13,3,4,13,17,20,16,14,8,6,5,4,3,0,3,26
101,6448,39,702,1770,1542,3,0,0,0,6,12,5,16,0,9,8,3,15,8,4,4,6,5,3,89,28,9,0,9,9,10,12,11,11,19,9,18,3,10,4,5,24,13,3,10,22,11,10,15,11,5,9,6,0,0,0,0,23
102,6350,48,703,1518,1168,0,0,6,3,13,8,12,10,15,8,11,10,10,8,3,0,0,8,9,77,46,4,0,0,13,14,3,4,11,23,8,5,3,7,0,0,28,6,12,7,17,15,14,9,11,11,3,3,0,0,0,4,27
103,6321,44,705,1518,1166,4,0,4,8,17,12,17,14,16,11,10,14,11,0,6,4,9,16,7,120,59,13,4,8,19,12,10,8,21,19,14,15,11,10,4,7,19,7,8,13,26,27,18,22,23,10,14,3,3,5,3,0,27
104,6073,50,707,2140,1773,14,8,20,21,79,67,65,71,85,56,43,60,123,86,84,52,142,107,18,908,280,92,39,45,113,88,82,67,79,112,72,84,59,157,58,73,77,137,72,101,137,152,153,94,102,112,69,61,46,65,8,19,79
105,6315,49,707,1754,1206,11,7,16,13,66,44,56,52,63,35,38,40,70,48,27,16,38,52,26,464,266,38,21,42,55,65,57,29,57,88,54,55,36,61,10,18,97,66,29,44,80,80,76,69,63,47,28,31,28,31,4,6,106
106,6169,41,707,1857,1485,222,85,177,339,843,693,893,881,957,929,799,690,1430,850,754,428,981,1170,225,9508,3838,1046,326,627,1104,831,777,699,888,1131,925,1017,842,1765,389,476,1141,1813,662,932,1414,1520,1463,1221,1127,1107,763,628,349,503,74,82,927
107,6461,47,709,1468,1161,0,0,0,5,23,9,22,15,19,11,9,6,22,11,3,0,8,20,11,123,81,7,4,16,15,13,10,11,20,17,8,12,9,17,6,9,29,14,4,15,11,24,32,17,13,17,0,7,6,12,0,5,17
108,6330,45,710,1759,1349,224,123,202,396,1072,869,1113,1023,1158,1097,824,771,1502,949,717,374,825,973,284,9883,4603,900,447,687,1233,1086,1067,999,1222,1564,1096,1014,729,1174,235,351,1440,1265,710,977,1584,1751,1747,1474,1470,1346,847,699,406,570,70,155,1075
109,6405,40,710,1600,1273,0,0,0,0,10,5,12,9,15,12,3,11,12,9,0,0,6,17,6,77,31,6,0,5,8,8,11,7,12,11,7,10,6,5,5,0,20,12,6,7,7,10,13,9,9,9,11,4,4,4,0,0,19
110,6244,48,711,1605,1286,13,6,9,16,47,22,41,53,41,47,26,31,60,24,26,20,31,53,22,421,168,41,14,22,53,39,37,31,62,46,49,40,40,34,12,15,82,54,33,46,47,73,48,58,41,49,24,28,22,18,3,13,83
111,6562,45,711,1760,1547,5,3,12,10,17,17,32,23,33,32,31,16,47,26,22,15,49,64,11,379,97,40,14,28,54,32,31,24,21,36,36,39,19,70,18,24,63,67,17,33,58,54,49,49,42,52,29,19,11,30,4,0,67
112,6280,45,713,1769,1382,165,71,148,271,776,645,916,779,905,868,587,538,1116,716,594,361,814,1025,233,8209,3319,589,384,512,967,818,848,789,880,1106,871,757,595,1149,319,406,933,1019,630,816,1262,1422,1475,1266,1114,1099,659,471,357,437,81,116,874
113,6061,34,713,1608,1374,340,96,285,485,1146,745,1002,1180,1367,1448,1121,982,1837,947,738,351,652,966,270,10095,5854,1230,336,809,1346,1093,958,1034,1621,2022,1435,1052,737,1010,196,173,1478,1901,495,1187,1687,1811,1517,1404,1527,1467,971,738,441,473,60,48,1342
114,6288,47,714,1721,1298,3,0,0,9,12,10,16,16,26,13,9,13,13,11,9,8,9,24,0,155,58,10,4,14,16,17,20,24,30,20,24,15,13,17,10,10,23,24,14,12,21,20,29,28,29,13,10,6,5,3,3,0,16
115,6317,39,714,1649,1350,19,16,16,32,98,77,128,123,107,106,93,93,148,105,60,27,73,116,30,992,480,97,49,68,143,100,103,151,209,167,105,77,85,91,17,39,192,173,46,92,158,163,152,157,142,115,82,60,37,41,13,10,178
116,6407,35,715,2086,1639,4,3,5,10,25,15,12,23,19,25,18,28,40,28,17,7,24,29,13,218,119,39,10,18,24,25,27,8,34,42,29,29,28,49,13,11,40,59,18,19,33,31,33,30,22,28,16,8,5,6,0,3,36
117,6037,39,716,1862,1526,25,10,26,39,75,53,94,68,92,63,69,77,127,85,61,41,105,197,27,992,355,127,37,62,115,80,58,81,101,128,92,101,80,161,60,61,153,195,69,89,152,122,137,125,102,103,67,64,35,47,8,13,123
118,6066,37,716,1916,1726,99,36,65,105,279,193,353,382,472,458,393,368,766,529,362,263,471,486,82,4930,1252,681,215,398,531,410,412,395,643,856,636,493,388,675,125,128,399,1008,373,509,728,690,691,600,690,668,429,338,175,211,31,37,347
119,6214,42,720,2088,1875,4,0,3,10,14,5,8,8,10,20,7,3,17,20,18,6,27,38,5,192,38,23,15,17,15,19,21,18,16,18,15,17,15,35,14,14,20,38,19,20,18,13,24,21,18,19,18,14,10,12,0,0,19
120,6106,53,724,7000,575,0,0,0,0,0,0,0,0,0,0,0,0,0,0,0,0,0,0,0,0,6,0,0,0,0,0,0,0,0,0,0,0,0,0,0,0,5,0,0,0,0,0,0,0,0,0,0,0,0,0,0,0,0
121,6414,49,724,1874,1812,0,0,0,0,0,0,5,0,0,0,0,0,0,0,4,0,0,0,0,20,8,0,0,0,0,0,4,0,0,0,0,0,4,5,0,0,10,0,0,0,0,0,9,0,3,0,0,0,0,0,0,0,8
122,6150,43,724,2361,2112,80,54,69,66,177,131,204,231,249,254,181,195,408,270,292,208,896,291,48,3505,792,506,242,282,343,292,307,263,297,397,320,295,266,616,224,447,279,771,392,429,479,486,430,391,350,363,345,301,205,371,80,84,351
123,6111,41,724,1902,1543,156,57,125,218,509,383,560,593,674,641,515,490,933,570,535,302,740,641,138,6357,2438,687,255,455,764,563,552,520,716,910,712,708,497,995,251,282,739,1164,423,651,953,930,923,788,802,739,494,407,266,393,62,71,646
124,6460,49,726,1726,1069,9,0,4,8,27,16,31,22,17,19,16,16,28,10,4,7,15,21,14,172,113,14,5,3,26,24,15,20,23,32,21,17,16,25,11,4,43,18,6,14,29,37,36,19,30,23,6,13,3,5,0,6,41
125,6260,48,727,1840,1264,11,0,13,4,40,19,34,37,40,26,16,41,44,24,23,15,30,49,14,329,155,35,9,27,42,40,44,49,64,56,37,37,27,32,6,18,74,36,21,39,47,53,59,53,58,46,27,19,11,22,6,4,86
126,6271,44,727,1787,1465,34,8,14,27,85,54,90,70,94,97,72,67,140,84,77,25,75,149,24,962,323,97,42,55,104,79,66,84,83,116,107,86,91,157,33,30,118,149,59,76,137,164,142,149,117,126,61,65,31,59,11,4,99
127,6568,52,731,2094,1728,0,0,3,6,5,0,4,7,0,3,9,3,9,5,0,3,9,16,0,57,20,5,0,7,3,13,3,5,3,8,4,8,7,6,5,7,12,12,4,10,4,10,4,5,3,4,3,3,5,0,0,5,7
128,6313,49,733,1656,1328,0,0,0,5,7,4,3,11,13,6,4,4,7,11,4,3,10,12,0,71,22,5,0,5,6,8,13,5,8,10,0,8,5,10,0,7,8,13,3,4,14,8,10,3,9,19,0,3,5,4,0,4,6
129,6503,44,733,1822,1525,18,8,12,16,44,31,56,48,45,63,34,59,88,53,37,21,53,90,26,582,218,66,20,32,81,62,75,68,67,93,83,66,57,85,24,26,112,113,38,54,86,69,101,74,89,60,55,27,23,30,6,13,83
130,6316,44,733,1635,1281,0,0,0,0,18,3,9,13,15,6,10,6,15,7,9,4,3,18,4,105,38,3,8,3,13,15,9,11,13,16,11,19,7,10,4,6,23,16,6,6,18,15,14,7,8,16,13,6,4,8,0,0,15
131,6312,43,735,1809,1312,31,12,32,54,138,96,107,124,147,131,98,79,181,88,85,47,104,125,49,1078,657,136,51,76,127,133,120,127,139,177,111,123,78,138,24,44,240,177,56,77,152,217,161,164,158,177,94,80,49,88,15,13,227
132,6110,36,735,1930,1618,258,75,175,389,841,710,933,913,1084,1136,989,872,1819,1184,943,510,1140,1147,230,11318,4019,1449,437,738,1183,915,876,905,1363,1906,1466,1360,934,1530,397,394,1191,2626,713,1130,1587,1665,1593,1484,1524,1504,1052,773,428,516,75,51,1162
133,6062,40,738,1963,1617,277,86,153,268,814,522,845,792,926,975,744,716,1483,921,872,476,1136,847,178,9262,3763,1093,372,626,1144,954,858,821,1072,1421,1102,1003,753,1446,331,348,816,1659,603,928,1372,1511,1267,1182,1175,1205,911,699,487,643,85,85,661
134,6616,53,739,2083,1562,0,0,0,0,0,0,0,0,0,0,0,0,3,0,0,0,0,0,0,5,3,0,0,0,0,0,4,0,0,0,0,6,0,5,0,0,8,0,0,0,0,0,0,0,0,0,0,0,0,0,0,0,10
135,6167,35,741,1869,1538,145,56,141,274,610,466,584,665,721,742,663,584,1104,759,596,339,563,835,161,6981,3015,768,262,487,804,676,549,473,766,1091,930,825,583,1090,247,223,1987,1306,414,672,996,1131,1065,916,979,873,662,462,298,312,44,42,634
136,6370,45,742,1625,1297,0,4,0,4,10,5,8,16,11,14,13,13,15,11,3,3,10,12,4,104,44,9,3,9,11,18,11,8,17,19,13,12,11,14,0,5,28,11,9,3,20,19,16,15,20,8,9,0,9,9,0,0,30
137,6367,50,744,1718,986,3,4,3,5,11,7,11,17,5,6,3,10,12,7,9,3,3,20,3,89,52,3,0,11,9,10,8,11,17,14,14,6,5,9,0,0,17,10,7,14,8,12,11,20,17,7,7,6,0,5,0,0,11
138,6505,40,745,1875,1708,0,0,0,0,0,7,0,4,6,9,6,6,9,0,0,0,0,3,0,32,12,4,0,0,0,3,8,3,5,12,3,6,0,3,0,0,5,0,0,0,8,11,8,4,5,0,0,6,0,0,0,0,6
139,6418,49,746,1699,1236,9,4,3,3,27,10,24,21,19,22,16,12,26,14,13,5,17,17,6,172,93,20,6,13,23,24,16,10,24,27,28,29,13,19,6,12,49,25,12,20,29,33,21,23,16,21,12,17,9,8,3,3,41
140,6348,46,748,2110,1542,7,5,9,19,42,22,29,28,24,24,24,17,69,22,30,8,44,29,15,285,179,24,8,14,37,32,17,22,20,37,17,22,21,79,31,34,52,52,10,33,49,46,37,34,24,25,17,19,21,23,0,4,45
141,6519,42,748,1696,1366,6,0,0,8,13,13,9,14,16,16,10,6,27,8,9,10,18,23,0,136,73,20,0,10,22,18,14,5,17,13,15,17,10,24,6,5,40,27,3,11,25,21,16,16,12,14,10,5,7,11,0,3,33
142,6475,52,749,1458,1312,3,0,7,4,8,6,16,10,8,16,8,6,17,9,4,0,14,10,5,92,57,7,0,8,18,13,10,15,8,14,19,8,9,19,5,9,12,21,3,11,17,12,4,11,4,8,14,0,3,3,0,0,8
143,6558,37,749,2147,1895,7,4,4,6,15,6,17,15,12,18,13,12,37,27,13,15,16,36,10,217,58,25,4,17,25,15,12,12,13,25,25,14,25,36,11,12,1895,56,14,16,26,21,26,20,31,23,14,16,10,14,0,3,25
144,6415,40,755,1896,1396,13,5,18,30,82,51,76,68,85,88,60,63,117,60,49,29,61,71,26,675,358,53,27,63,80,76,74,64,76,99,81,72,75,113,29,23,153,87,45,54,104,106,107,92,90,101,58,46,27,34,0,4,131
145,6172,36,755,2112,1921,42,18,39,71,185,144,257,244,250,275,262,237,560,387,356,167,412,518,71,3629,860,421,127,197,338,262,215,214,268,412,382,420,315,778,187,164,418,764,258,359,499,502,488,465,450,426,315,274,110,162,24,20,283
146,6479,45,759,1875,1531,8,0,5,5,17,7,7,16,15,11,13,13,20,15,8,9,13,23,7,144,67,18,13,10,11,9,11,11,18,21,12,16,22,25,4,8,32,23,6,18,24,20,23,11,17,12,4,3,11,8,0,0,26
147,6230,41,759,1919,1469,244,105,249,494,1202,898,1211,1139,1266,1225,969,957,1783,1134,989,543,1350,1302,280,11577,5763,1053,462,669,1347,1046,1025,931,1224,1519,1221,1157,1054,2050,509,673,1844,1757,815,1041,1775,2008,1894,1709,1716,1564,1053,820,544,733,106,190,1174
148,6220,44,760,1851,1465,33,8,21,48,145,65,101,100,103,122,91,86,181,124,68,57,117,130,38,1150,475,99,41,60,148,117,92,97,143,217,151,134,101,166,44,31,169,191,69,95,177,195,165,149,174,164,85,64,32,46,9,11,160
149,6056,40,762,1946,1470,315,100,252,446,1080,763,994,1042,1200,1225,876,838,1724,1056,869,499,1270,1192,328,10722,5348,1174,397,712,1184,1037,941,911,1199,1605,1341,1197,956,1726,425,500,1487,1744,688,1040,1581,1855,1582,1434,1458,1459,1002,862,527,654,100,133,1286
150,6035,35,762,1990,1699,62,12,35,68,177,163,209,221,232,273,195,191,480,266,241,122,268,472,55,2926,809,330,61,167,291,192,187,180,236,312,332,290,232,530,134,142,370,532,166,279,384,388,414,357,392,338,238,171,112,150,18,18,332
151,6320,41,763,1762,1307,4,3,3,3,13,4,9,15,20,13,9,12,15,9,11,3,9,19,18,139,53,12,9,10,13,13,15,9,18,31,18,8,5,9,11,3,40,15,10,11,13,20,20,12,14,24,8,8,3,5,0,6,40
152,6207,40,765,2268,2191,4,0,8,3,9,8,10,17,24,18,8,22,44,30,33,21,45,61,5,330,48,33,8,21,20,24,28,13,25,34,22,27,38,77,22,26,51,76,34,31,38,40,46,34,27,32,17,21,19,31,0,4,51
153,6530,40,765,1945,1483,198,86,226,348,806,599,823,798,832,814,665,631,1321,819,698,397,891,1034,229,8308,3923,790,304,598,1020,799,681,691,863,1074,847,886,735,1465,342,387,1634,1130,521,777,1225,1355,1268,1178,1171,1097,765,663,428,564,73,114,1405
154,6232,38,766,2044,1711,49,14,25,77,233,150,305,263,278,271,217,230,507,348,294,133,306,352,49,3085,1027,242,108,146,316,241,221,227,272,357,323,328,306,674,153,124,336,498,182,271,460,511,458,484,435,374,241,188,115,120,15,17,273
155,6074,46,767,2101,1845,6,4,3,3,10,9,26,14,32,24,18,15,46,23,31,15,43,37,0,292,61,25,11,15,29,19,31,25,28,33,25,32,36,62,18,20,31,47,29,27,35,37,32,31,32,29,18,17,18,22,4,6,19
156,6603,42,768,1785,1320,8,6,8,4,34,29,36,31,44,22,24,20,47,21,33,5,31,31,7,285,155,15,8,10,30,33,36,30,30,40,49,28,25,51,11,15,54,29,13,34,35,41,56,41,37,32,7,23,14,13,0,0,41
157,6627,37,769,1625,1812,0,0,0,0,0,0,0,0,0,3,3,4,0,0,0,0,0,0,0,15,7,0,0,0,4,0,4,0,0,6,0,3,0,0,0,3,5,5,0,0,4,0,0,7,0,0,0,3,0,0,0,0,0
158,6326,49,773,1711,1602,0,0,3,3,6,0,15,11,16,13,9,12,15,11,9,7,14,18,11,147,35,11,3,10,22,9,8,8,28,26,16,6,14,15,4,3,29,25,8,16,21,12,22,17,15,25,7,8,5,5,0,0,34
159,6501,47,773,2058,1859,10,3,3,6,13,9,17,20,21,16,14,15,33,20,26,19,38,33,5,259,63,31,5,19,29,31,21,15,24,33,31,31,25,36,20,15,22,41,12,29,31,36,36,34,34,22,18,22,9,18,5,3,31
160,6419,47,774,1187,1166,0,0,0,0,0,0,5,3,5,0,0,0,0,0,5,0,4,5,0,19,9,3,0,0,7,0,0,0,4,5,0,0,0,4,0,0,0,4,0,0,0,0,0,0,0,0,0,0,0,0,0,0,0
161,6078,43,774,2154,2170,7,3,0,0,3,7,13,18,22,20,17,15,25,31,17,13,47,26,0,234,47,35,23,17,23,17,34,19,27,36,33,30,22,42,10,22,25,39,16,27,24,17,39,35,28,27,32,15,15,19,6,5,23
162,6148,42,779,2328,1904,120,54,85,143,374,254,355,375,416,448,327,311,680,448,467,291,1136,410,54,5099,1641,676,289,339,458,405,359,348,458,568,483,484,425,921,281,576,319,1125,422,485,626,807,625,571,573,607,478,451,268,470,98,133,342
163,6537,43,780,1816,1197,13,0,8,8,38,12,27,27,23,25,10,27,35,22,14,9,10,31,18,211,151,20,8,17,23,32,24,26,39,37,24,21,14,52,8,3,70,45,12,19,31,35,23,35,43,39,17,16,9,13,0,0,73
164,6286,42,784,1902,1658,4,4,5,3,12,5,13,18,20,29,20,25,40,17,16,9,13,33,0,220,79,15,10,14,16,32,18,20,25,36,28,21,13,43,10,10,33,26,11,34,22,30,29,33,35,25,21,11,14,7,0,0,34
165,6180,33,785,2034,1837,28,11,9,44,88,90,134,131,148,162,109,104,301,168,154,105,203,274,38,1838,456,183,60,92,174,110,97,109,141,205,166,172,160,363,90,111,170,363,118,159,248,231,224,237,215,222,155,119,70,118,13,16,149
166,6237,46,788,2168,1929,8,4,13,21,45,32,53,48,47,53,44,42,109,63,71,48,95,98,27,765,159,48,21,39,74,51,60,58,64,80,69,66,72,151,54,48,109,114,53,71,104,99,99,96,92,88,63,47,33,42,8,4,91
167,6125,45,789,2247,2007,15,8,11,15,46,37,58,49,62,56,34,60,112,75,85,44,151,151,24,892,207,82,35,43,79,69,72,79,87,94,84,112,65,179,53,82,477,169,46,70,143,107,130,121,122,100,71,65,34,54,7,20,106
168,6515,44,789,1713,1463,3,0,0,0,7,9,11,10,7,8,9,3,11,3,3,4,6,8,7,82,35,6,0,11,3,7,3,12,8,17,6,10,12,9,0,3,33,8,6,7,9,9,16,8,8,7,5,4,8,5,0,5,22
169,6059,43,789,2257,1684,201,80,146,224,658,469,560,548,591,617,492,478,942,645,600,410,1255,507,144,6441,3139,715,306,430,709,600,594,542,650,862,705,656,539,1100,310,520,512,1100,469,648,878,1110,954,755,830,834,686,615,408,633,122,157,484
170,6510,43,789,1907,1459,19,0,9,12,62,30,52,47,44,45,43,42,69,44,43,18,40,52,22,461,233,48,17,34,44,53,41,42,54,81,51,64,47,67,20,16,114,58,27,45,63,64,64,77,68,60,42,26,33,26,5,9,105
171,6107,33,789,1975,1727,309,112,210,362,819,571,855,934,1222,1270,1085,1016,2071,1433,1111,606,1312,1278,237,11780,5022,1539,481,762,1221,992,1111,1148,1871,2357,1825,1457,1016,1719,363,405,1484,2769,765,1105,1575,1673,1644,1488,1744,1619,1175,937,541,675,113,97,1271
172,6328,38,790,1542,1342,0,5,0,8,8,4,8,10,16,22,6,11,8,6,5,5,15,13,6,109,40,12,4,3,10,17,11,7,19,25,17,10,12,10,0,9,22,14,6,4,20,9,18,7,16,13,6,3,8,11,0,6,17
173,6612,43,791,1937,1812,3,0,0,0,4,0,0,0,4,7,0,4,4,0,5,0,4,6,3,33,14,4,0,5,0,4,4,0,4,7,6,8,7,6,0,6,13,5,9,3,7,8,5,7,4,0,4,0,0,0,0,5,14
174,6701,40,793,1911,1399,28,14,43,61,117,84,119,124,120,126,70,96,177,115,95,49,124,149,64,1120,655,137,41,109,180,133,132,127,167,187,129,102,89,175,38,50,438,107,44,104,175,117,185,166,171,183,127,107,76,90,10,21,377
175,6233,38,795,2127,1888,84,32,62,130,357,246,429,371,445,442,343,405,891,587,564,292,661,705,90,5634,1503,482,193,261,498,377,388,364,437,612,510,568,574,1273,344,316,542,985,428,522,739,759,787,735,768,683,441,379,204,272,46,41,374
176,6335,38,796,2022,1516,0,7,10,5,13,14,14,14,18,23,8,11,34,18,15,9,28,17,7,192,78,15,3,17,16,19,21,11,14,33,28,28,21,35,8,16,25,42,13,31,15,31,22,14,16,26,16,24,7,8,0,5,21
177,6030,37,800,2123,1825,192,76,134,253,642,535,781,845,920,999,803,804,1678,1117,971,564,1521,1309,218,11108,3235,1204,412,622,988,797,789,815,1082,1461,1251,1152,939,1903,538,665,1202,1902,726,1028,1441,1526,1555,1475,1541,1424,1088,812,541,645,107,125,1036
178,6256,46,802,1864,1516,4,7,0,0,8,6,11,5,11,11,7,10,18,11,7,0,11,17,4,112,45,16,7,4,5,12,9,8,21,21,12,14,8,16,6,8,21,14,10,8,12,14,11,19,19,14,11,5,5,6,0,5,16
179,6155,38,804,2377,2243,253,98,129,201,499,414,663,715,908,999,848,853,1946,1526,1400,922,2678,1402,155,14198,2400,2178,713,910,1115,836,956,943,1348,1670,1516,1477,1273,2736,783,1100,1837,3670,1243,1378,1560,1522,1573,1436,1680,1735,1322,1164,791,1173,183,199,844
180,6450,42,805,2019,1515,67,38,73,127,334,213,278,273,343,328,232,255,523,302,289,126,358,474,122,3213,1544,261,130,139,368,312,285,276,330,473,396,389,306,608,138,191,713,449,214,247,455,534,468,472,462,433,259,212,150,210,32,67,607
181,6522,47,806,1937,1468,3,0,0,4,13,4,6,10,14,7,8,11,18,4,6,0,9,13,7,101,42,10,0,0,16,17,5,7,14,24,4,12,10,16,5,4,40,7,5,14,18,14,7,11,0,18,9,8,0,4,0,6,27
182,6375,47,806,1886,1326,7,0,6,8,33,23,25,30,22,25,17,17,39,28,12,8,14,29,6,227,127,16,9,11,24,35,22,18,37,37,36,31,22,31,8,8,20,30,11,22,37,42,30,34,30,31,27,20,10,12,0,3,34
183,6054,39,806,2106,1600,120,51,99,242,564,380,511,501,591,578,465,423,948,595,504,334,752,510,146,5528,2794,580,224,378,636,533,483,442,557,798,579,586,464,989,230,297,636,803,309,503,819,899,777,654,715,780,618,494,307,529,78,93,526
184,6105,35,806,1924,1558,131,36,75,187,398,231,350,389,466,508,430,362,742,428,358,223,425,429,99,4030,2236,488,131,281,452,365,331,363,587,720,574,495,341,655,149,152,570,821,243,367,590,661,540,502,553,589,430,363,210,280,43,43,471
185,6163,41,808,2130,1638,381,154,337,620,1503,944,1299,1290,1462,1408,1230,1133,2379,1461,1365,843,2356,1498,349,14659,7334,1436,587,983,1751,1329,1216,1134,1438,1930,1595,1634,1348,2658,708,977,1562,2311,975,1369,2203,2395,2014,1783,1901,2020,1541,1334,909,1309,186,248,1487
186,6058,38,810,1982,1614,69,39,53,124,287,232,286,297,361,385,328,282,616,376,325,171,345,418,89,3568,1521,348,136,197,356,265,268,263,387,593,460,395,337,575,158,136,402,669,206,313,455,498,523,444,478,483,381,272,146,179,23,20,315
187,6076,47,811,2367,1944,119,60,104,150,402,302,442,428,529,511,337,358,749,547,553,423,1319,591,110,6299,1736,643,292,389,566,511,511,466,595,690,538,559,498,1178,373,679,496,971,532,597,753,821,845,757,747,719,526,488,357,573,101,166,441
188,6436,46,812,1312,900,0,0,0,3,4,3,7,4,5,5,3,0,0,0,4,0,0,4,0,20,25,3,0,8,3,4,3,0,3,4,4,0,7,7,4,0,35,0,0,4,5,0,0,5,0,0,7,0,7,0,0,0,11
189,6358,36,814,1874,1550,0,0,0,0,0,0,8,0,3,0,4,3,4,7,5,0,0,0,0,24,9,6,0,0,3,3,0,3,4,4,4,0,4,0,0,0,5,0,0,3,4,3,3,3,0,0,5,3,0,0,0,0,10
190,6429,47,815,1681,1208,3,3,4,13,37,11,25,23,17,13,17,18,31,23,10,0,19,34,10,193,116,26,6,19,30,38,14,15,22,25,22,29,27,60,13,11,133,27,8,26,23,25,26,13,28,35,17,14,10,10,0,3,76
191,6338,46,823,1662,1336,7,3,4,14,16,13,22,15,27,28,11,15,23,9,15,7,23,31,4,191,89,30,5,5,23,17,24,18,18,35,20,24,14,22,13,9,16,28,13,13,23,21,28,24,22,36,14,17,9,10,7,0,23
192,6556,44,823,2323,1981,6,5,11,14,36,24,27,35,41,38,24,38,79,51,44,42,83,95,13,540,159,80,26,30,49,42,42,37,56,59,53,60,55,101,30,33,72,79,35,46,79,73,75,55,56,71,49,53,27,51,3,10,45
193,6517,43,823,1875,1350,4,0,0,4,19,5,10,6,17,14,11,11,14,5,8,0,6,11,0,96,67,5,0,4,15,24,6,11,17,13,22,10,6,6,7,3,35,7,0,13,11,17,11,10,20,11,5,5,0,5,0,3,24
194,6318,42,823,1978,1399,0,0,8,9,9,8,11,14,12,18,3,6,22,11,8,3,17,14,0,131,50,10,3,6,14,15,8,15,23,27,13,6,16,11,5,17,15,16,6,15,18,16,16,11,8,19,7,7,11,8,0,5,25
195,6082,41,827,2189,1941,17,0,8,19,51,26,60,60,76,74,50,64,124,88,86,48,142,157,17,946,221,105,25,42,84,67,69,65,91,93,91,105,92,191,53,68,124,174,79,86,116,113,111,108,112,113,76,75,50,69,5,15,86
196,6394,51,829,1924,1425,4,3,5,3,11,7,11,14,17,24,3,12,17,8,12,3,17,16,5,132,61,5,5,8,11,12,9,18,25,21,12,14,15,14,6,6,27,9,5,9,16,20,18,24,19,11,12,10,7,11,4,3,18
197,6021,40,831,2250,1796,156,50,134,201,550,282,481,418,503,515,428,441,879,553,513,330,1166,476,147,5730,2492,616,235,357,643,460,400,416,545,717,632,586,494,952,277,537,489,918,358,564,830,888,722,655,699,749,600,528,375,536,108,126,532
198,6412,46,833,1625,1375,0,0,0,0,0,0,0,0,0,0,0,0,3,0,0,0,0,3,0,10,4,4,0,3,0,0,0,0,3,4,0,3,0,0,0,0,9,0,0,0,4,0,0,0,0,3,0,0,0,0,0,0,8
199,6236,48,837,2289,1989,9,9,11,4,44,23,39,44,53,40,36,34,92,54,63,43,93,86,6,641,149,45,28,44,62,47,43,37,61,62,54,75,75,118,45,51,74,108,45,54,74,73,77,76,73,78,57,39,24,41,3,17,66
200,6121,43,838,2435,2380,15,3,3,8,23,23,41,36,52,57,40,52,88,76,65,50,199,118,14,831,125,97,28,47,87,53,61,67,75,99,78,78,87,177,59,77,99,169,61,82,100,104,97,94,81,96,75,58,51,78,24,22,50
201,6285,40,838,1958,1641,45,25,47,76,170,155,189,200,290,282,212,218,429,273,214,117,253,416,47,2636,1020,197,129,125,191,215,248,269,362,503,317,280,201,409,115,166,406,270,221,238,311,407,448,395,465,406,242,188,114,156,28,34,314
202,6149,43,840,2509,2155,100,57,66,95,317,236,305,334,377,403,299,303,655,497,548,330,1258,442,76,5380,1311,634,299,299,408,373,387,383,453,537,478,522,409,1075,320,598,308,963,537,503,573,646,615,609,588,613,509,471,326,541,98,131,256
203,6390,42,840,2143,1732,13,7,13,9,35,27,29,32,32,35,25,32,67,33,39,28,60,68,9,435,153,42,7,27,41,37,32,37,30,35,24,33,41,133,40,32,73,90,24,32,43,43,65,42,54,46,24,32,25,38,9,0,64
204,6032,47,841,1937,1708,0,0,3,0,0,0,0,3,0,15,3,3,4,3,9,5,11,3,0,49,18,5,3,3,0,6,8,3,4,3,11,3,3,9,6,6,6,3,7,5,0,4,6,10,9,8,0,4,0,5,0,5,9
205,6036,33,841,2181,1907,85,24,58,108,222,204,284,314,395,408,341,362,733,503,422,247,627,633,59,4717,1310,515,196,256,319,260,304,289,402,574,539,515,408,874,235,297,416,912,349,441,516,530,662,611,664,715,457,336,230,295,48,34,312
206,6057,39,843,2145,1816,115,34,53,97,272,242,352,325,441,425,340,350,764,525,434,239,569,525,100,4621,1581,444,201,237,415,359,316,315,412,664,571,533,437,872,225,232,407,777,305,393,557,635,670,562,629,662,478,347,213,268,24,51,369
207,6463,35,849,2249,1687,0,0,0,0,0,0,0,0,0,0,0,4,0,0,0,0,0,0,0,7,4,0,0,0,0,0,0,0,0,0,5,0,0,0,0,0,0,0,0,0,0,0,0,0,0,0,0,0,0,0,0,0,0
208,6476,55,850,1458,1208,4,0,0,0,0,0,0,0,3,3,0,0,0,0,0,0,0,0,0,14,8,3,0,3,0,0,0,0,4,3,0,0,0,4,0,0,0,0,0,5,0,0,0,0,0,6,0,0,0,4,0,0,0
209,6223,44,850,2812,1624,0,0,0,3,0,5,0,6,3,0,0,0,3,5,10,0,7,7,0,44,13,4,0,0,0,3,9,3,9,5,0,3,3,11,3,11,9,5,0,4,3,8,14,4,6,4,4,9,4,0,0,0,3
210,6024,40,850,2292,1897,67,33,57,117,254,177,261,282,351,364,255,267,556,446,382,279,600,380,52,3911,1256,354,160,228,353,281,327,297,348,426,425,407,372,763,215,221,264,538,249,325,512,545,529,419,437,495,380,329,257,346,54,32,207
211,6112,33,850,2106,1853,317,90,216,401,1019,844,1142,1241,1624,1744,1507,1491,3074,2080,1746,946,2037,1900,340,18390,5378,1926,576,989,1465,1125,1150,1220,1961,2716,2363,2191,1651,3133,710,758,1755,3675,1131,1631,2098,2189,2365,2135,2436,2610,1827,1417,817,1029,126,139,1475
212,6462,34,854,1625,1292,0,0,0,0,4,0,5,3,11,9,0,3,0,3,0,0,4,10,0,43,15,3,5,0,5,6,3,0,6,6,5,3,5,9,0,3,3,3,0,0,8,7,8,7,5,4,0,3,0,3,0,0,7
213,6026,44,856,2509,2138,119,54,65,107,399,297,419,397,486,462,364,364,839,700,668,448,1327,582,87,6552,1639,615,325,358,518,440,499,445,517,658,627,690,544,1345,426,572,365,984,503,600,766,947,890,740,730,876,640,543,387,592,88,94,306
214,6123,32,859,2078,1973,11,0,13,7,15,10,44,33,49,52,43,46,113,78,63,18,60,76,3,608,129,55,16,25,48,30,38,45,50,103,80,63,66,111,26,20,73,109,51,53,68,55,68,101,75,61,60,32,29,26,0,8,60
215,6638,42,863,1375,1204,9,0,0,3,6,9,14,7,12,11,3,4,11,7,5,0,6,12,9,71,57,9,0,3,20,9,10,10,8,9,6,8,11,29,10,10,148,11,4,4,16,17,11,15,15,4,13,3,5,8,5,6,112
216,6512,51,866,1458,1375,3,0,0,0,0,0,9,0,5,3,0,4,4,0,0,0,0,5,0,22,10,0,0,0,5,0,0,0,7,7,0,3,0,0,0,5,4,3,0,0,5,0,4,6,4,0,0,0,4,0,0,5,6
217,6083,48,866,2401,2247,27,4,9,9,40,16,54,47,69,70,51,43,115,91,105,60,196,155,24,1002,183,128,53,52,93,86,58,55,71,120,84,107,84,206,60,129,141,220,70,94,124,91,109,112,116,133,87,86,45,89,13,29,100
218,6487,47,866,1624,1375,0,0,0,0,0,0,0,0,3,0,0,0,0,0,0,0,0,4,0,12,9,0,0,0,0,0,0,0,3,4,3,0,0,0,0,0,0,3,0,0,0,6,0,0,0,0,0,0,0,3,0,0,0
219,6421,40,866,1906,1458,0,0,0,0,3,0,5,0,3,0,0,4,5,6,6,5,3,9,0,34,14,3,0,0,5,3,4,0,11,7,3,3,6,6,0,0,15,4,0,0,9,4,4,0,4,3,5,4,0,4,0,0,13
220,6084,40,872,2245,2076,46,22,13,34,100,76,110,136,163,186,155,151,338,241,203,149,357,408,42,2434,498,300,80,105,176,165,176,174,221,318,304,295,218,479,153,162,377,467,160,190,287,268,281,278,329,302,216,156,128,182,31,40,266
221,6281,43,879,2091,1770,37,25,31,41,115,107,164,157,232,207,150,167,325,238,175,86,305,354,38,2246,714,116,125,81,160,154,205,215,274,305,231,248,178,372,123,220,305,254,167,164,210,292,348,359,342,322,217,173,101,152,24,57,247
222,6027,40,879,2372,2016,227,86,117,285,678,496,754,819,961,957,826,828,1735,1219,1280,750,2150,1321,184,11922,3746,1264,497,648,972,873,919,851,1104,1517,1302,1368,1096,2385,647,1011,1089,1898,845,1061,1361,1488,1537,1454,1451,1557,1185,1026,703,1009,160,176,850
223,6104,38,879,2144,1666,114,38,93,173,383,219,279,342,400,423,338,313,678,387,365,221,600,422,93,3687,2191,444,157,219,392,382,326,319,456,651,494,418,347,736,194,269,697,608,214,318,471,579,457,477,477,576,416,331,218,357,65,76,627
224,6477,47,880,1875,1406,0,3,0,5,4,0,6,6,5,10,4,6,6,4,4,0,7,9,0,54,35,0,3,3,10,6,3,6,3,10,11,16,6,9,0,0,11,6,5,4,7,10,14,9,7,7,5,5,0,7,0,0,10
225,6395,43,882,2017,1452,9,6,15,6,39,27,51,40,48,35,34,35,72,27,26,13,50,43,25,373,222,31,16,22,38,37,29,40,53,84,54,45,31,48,15,30,65,44,21,34,36,60,49,50,51,58,36,27,17,22,5,19,66
226,6361,46,883,1875,1224,0,0,0,0,7,0,0,0,3,0,0,0,3,0,0,0,0,6,0,19,5,3,0,0,0,5,0,4,0,12,0,4,0,0,0,0,11,3,0,0,0,4,0,4,4,0,0,6,0,0,0,0,14
227,6284,39,883,2147,1910,10,6,0,16,26,33,36,50,56,66,66,53,113,93,61,33,77,105,11,715,179,53,32,25,32,33,73,55,76,113,77,89,55,143,36,49,117,87,50,46,81,103,111,108,100,94,65,43,35,43,5,9,105
228,6065,36,885,2362,2133,256,96,153,312,828,770,999,1026,1203,1389,1257,1288,2847,2348,1904,1236,2761,1891,330,18541,4354,1911,724,945,1334,1099,1214,1250,1688,2517,2136,2267,1824,3505,878,1058,1429,3248,1162,1612,2085,2258,2403,2227,2396,2519,1941,1596,1004,1295,176,184,1093
229,6154,42,886,2707,2059,66,33,43,76,238,155,189,209,217,221,164,180,382,248,280,183,790,247,60,2815,1168,292,183,158,250,213,205,203,242,276,210,225,224,595,182,447,180,443,220,256,311,435,387,319,338,356,286,280,191,364,66,100,215
230,6166,42,890,2486,2119,89,19,43,70,173,133,214,162,211,193,180,187,430,323,293,199,630,283,55,3030,860,285,109,180,268,170,199,195,259,361,288,315,339,637,195,287,304,509,212,265,390,372,374,371,341,351,262,243,190,262,47,62,247
231,6022,39,892,2227,1856,23,4,13,26,99,71,100,120,144,134,120,97,228,164,133,91,230,148,18,1519,464,148,55,71,130,121,124,91,123,183,189,169,122,292,71,79,100,179,86,144,164,194,197,165,181,205,142,131,93,138,16,16,68
232,6369,49,894,1823,1456,5,4,0,8,10,3,13,14,18,24,10,15,32,10,13,11,11,23,0,159,63,8,3,8,13,15,11,14,25,26,22,19,9,24,3,9,65,19,14,11,21,18,23,20,26,31,10,6,8,9,0,3,39
233,6071,47,894,2546,2163,16,4,11,18,44,32,52,54,72,88,69,57,104,108,105,58,210,118,15,997,237,91,48,53,76,61,68,80,81,95,98,93,87,202,75,105,104,139,91,85,122,113,123,105,128,109,85,84,59,117,19,28,75
234,6176,30,895,2192,2122,0,3,3,0,9,16,28,32,30,45,50,46,99,66,46,27,63,92,3,569,99,48,14,25,36,29,32,30,40,71,68,73,59,107,24,43,61,106,34,34,65,57,70,79,70,62,51,46,29,23,0,4,45
235,6174,30,895,2148,1891,31,3,23,25,75,73,77,100,123,136,115,128,252,167,117,80,183,224,24,1499,453,168,64,74,96,89,84,73,114,169,174,157,160,311,95,77,159,255,110,132,155,157,197,178,207,208,138,103,95,114,6,13,124
236,6081,43,896,2465,2225,21,7,10,23,51,38,78,61,97,92,65,95,182,141,130,95,266,199,27,1400,273,134,76,72,116,86,84,83,110,173,128,153,134,295,84,134,110,247,123,118,159,159,187,143,151,150,155,112,85,128,10,19,80
237,6614,59,899,1124,1062,0,0,0,0,0,0,0,0,5,0,0,0,0,0,0,0,0,0,0,6,0,0,0,0,0,0,0,4,0,0,4,0,0,0,0,0,0,0,0,5,0,0,0,0,0,0,0,0,0,0,0,0,0
238,6068,54,899,3250,1375,0,0,0,0,0,0,0,0,0,0,0,0,0,0,0,0,0,0,0,0,0,0,0,0,0,0,0,0,0,0,0,0,0,0,0,0,0,0,0,0,0,0,0,0,0,0,0,0,0,0,0,0,0
239,6357,46,900,2100,2050,0,0,0,0,0,0,0,5,0,0,0,3,8,0,0,0,0,7,0,15,3,5,0,0,0,0,3,0,0,0,0,4,0,0,0,0,7,0,0,7,0,0,6,0,0,4,0,0,0,0,0,0,6
240,6181,45,900,2687,2643,0,0,0,0,7,4,4,4,3,4,7,5,12,17,16,9,32,24,3,137,15,9,10,10,14,4,7,16,8,16,16,14,11,37,6,9,6,24,14,12,16,15,12,17,15,18,15,10,14,9,3,0,5
241,6569,43,900,2250,1604,0,0,0,5,3,3,10,3,5,12,7,0,10,8,6,0,10,18,4,67,31,6,0,3,5,10,6,7,3,13,8,14,7,16,0,3,15,9,7,0,10,6,7,4,9,5,3,0,0,5,0,4,15
242,6352,40,900,1875,1416,0,0,0,0,3,0,3,6,5,0,0,3,8,3,0,0,0,0,0,37,8,3,0,3,0,3,3,4,3,9,6,0,4,4,0,0,23,4,0,8,9,4,3,8,9,5,4,6,0,0,0,0,10
243,6532,39,916,2319,2009,38,17,16,41,101,79,121,110,110,127,108,118,264,207,180,111,238,307,34,1856,484,156,60,100,163,126,106,124,147,207,189,206,190,423,109,103,310,260,127,151,194,192,225,235,214,245,168,149,104,126,26,15,251
244,6072,46,917,2602,2169,3,0,0,3,8,6,22,15,24,19,8,18,31,21,24,9,49,39,0,237,61,23,15,7,11,7,24,22,29,32,24,29,24,37,22,23,29,29,19,33,26,25,29,33,22,25,27,20,11,19,8,0,17
245,6227,38,918,2333,2086,4,3,3,4,8,10,7,14,18,20,12,16,32,27,17,15,31,31,4,227,52,13,6,7,15,9,17,4,18,24,24,23,21,59,12,11,25,48,12,17,13,24,28,27,27,25,15,16,13,9,0,0,14
246,6336,38,920,1541,1369,3,5,5,0,7,4,3,10,14,22,6,3,13,6,3,0,0,14,5,86,40,10,6,9,9,3,8,12,8,13,21,11,8,15,6,5,20,10,3,14,5,13,8,14,14,13,8,6,0,5,0,3,15
247,6009,37,920,3768,2610,141,55,67,96,163,207,198,245,315,295,248,272,540,279,297,184,2210,405,53,4505,1773,823,417,441,383,299,373,296,340,414,321,338,326,670,307,1641,335,1060,493,606,452,490,554,400,480,501,421,404,366,638,210,687,390
248,6175,35,920,2386,2180,12,4,9,12,43,40,53,65,59,69,80,75,167,96,118,75,179,164,6,1109,219,99,37,49,74,55,67,69,61,96,85,125,112,279,88,97,93,196,80,96,104,134,150,129,114,152,101,77,79,76,5,13,56
249,6017,34,920,1965,1475,34,12,34,77,154,92,117,127,183,206,177,133,288,117,96,70,109,87,28,1085,1056,84,19,60,99,149,131,129,185,265,184,152,105,178,38,29,183,143,38,72,157,194,176,173,184,219,170,144,71,117,6,6,154
250,6031,32,920,2263,2116,70,26,39,57,150,132,224,282,350,420,354,386,867,584,522,271,651,615,73,5050,1022,560,199,215,272,232,254,286,516,726,654,581,468,929,221,226,408,862,296,417,490,528,618,650,743,732,545,393,257,312,43,44,259
251,6162,43,921,2552,1875,81,33,85,158,308,196,234,245,288,269,198,214,446,286,331,202,841,345,64,3153,1682,266,150,212,312,311,286,222,268,326,298,289,251,688,241,406,344,389,192,302,410,503,438,378,359,436,336,328,227,454,96,132,304
252,6069,33,921,2235,2043,166,55,103,182,455,386,680,654,977,1045,929,951,2124,1403,1167,676,1578,1518,182,12283,2958,1255,460,575,798,603,662,681,1057,1668,1598,1425,1166,2298,643,662,1078,2198,795,1000,1289,1388,1514,1411,1689,1889,1306,949,600,823,103,94,932
253,6472,46,922,1833,1656,0,0,0,0,0,0,0,0,6,8,0,5,4,4,0,5,7,10,0,40,15,3,0,0,7,5,7,0,8,6,6,5,3,5,5,0,4,5,0,3,9,0,3,3,3,9,0,5,0,6,0,0,5
254,6480,50,924,1499,1125,0,0,0,0,0,0,0,0,0,0,0,0,0,0,0,0,0,0,0,10,0,0,0,0,0,0,0,0,4,0,0,0,0,0,0,0,9,0,0,0,0,0,0,0,0,0,0,0,0,0,0,0,0
255,6152,38,927,2618,1919,194,80,158,253,549,484,479,526,613,623,555,497,1058,626,656,379,1966,624,117,6641,3798,844,330,437,572,533,618,499,616,792,649,636,553,1347,479,1066,724,1082,483,626,824,906,931,810,835,852,786,779,562,898,205,296,826
256,6226,40,928,2739,2473,5,3,3,3,9,7,11,8,10,13,5,13,27,24,22,25,51,35,4,259,38,29,11,5,12,23,23,16,21,21,15,23,28,66,18,33,32,36,20,16,26,27,38,24,36,23,12,23,16,22,4,11,19
257,6170,31,928,2153,2012,51,23,33,62,135,145,202,249,358,412,403,400,840,531,429,249,475,605,54,4544,1104,445,149,182,289,208,232,270,453,715,627,627,466,822,190,177,424,921,268,365,432,461,552,542,651,660,445,361,234,267,24,28,315
258,6608,44,929,2124,1562,0,0,0,0,0,7,0,4,3,6,0,0,0,0,0,3,4,4,0,25,9,3,0,5,0,0,5,5,6,6,6,3,3,3,3,0,19,3,0,0,5,3,8,3,0,0,0,4,0,7,0,0,16
259,6411,53,930,2150,2125,0,0,0,0,4,0,3,0,0,7,0,5,7,9,0,0,9,8,0,39,11,4,0,0,3,4,3,0,10,8,6,4,3,4,4,3,14,6,3,0,4,7,4,3,7,0,0,4,0,6,0,0,7
260,6124,43,933,2383,2057,12,6,0,14,13,7,28,21,20,26,17,18,46,42,40,13,51,50,14,338,92,29,6,19,25,16,21,19,24,29,40,48,31,67,16,22,44,57,24,22,46,35,33,38,37,40,32,27,13,23,8,14,39
261,6025,40,934,2482,2108,156,61,117,200,462,390,584,582,699,703,561,546,1258,920,847,603,1978,925,144,9163,2561,844,385,488,724,589,609,617,643,959,912,946,769,1827,540,1055,592,1315,617,759,1043,1045,1091,1020,1019,1095,912,879,599,873,155,195,449
262,6506,55,937,1875,1531,0,0,0,4,0,3,3,0,0,3,4,0,0,3,0,0,0,0,0,22,7,0,0,0,0,0,5,0,7,5,6,3,0,0,0,0,0,0,0,0,3,0,3,0,3,0,7,0,0,0,0,0,3
263,6070,44,938,2725,2388,16,12,20,19,46,34,50,52,68,67,42,65,124,104,110,61,284,115,10,1076,228,95,69,50,77,64,75,63,71,88,71,83,86,223,89,176,67,160,102,93,101,118,117,89,122,102,102,79,72,110,31,44,64
264,6365,44,939,2150,1583,8,3,3,0,17,10,8,8,18,12,9,13,23,11,15,7,17,14,9,134,65,7,7,4,11,17,10,11,14,28,14,23,14,15,4,11,28,19,10,7,19,13,12,15,13,20,15,12,6,12,3,3,20
265,6171,31,941,2291,2096,131,45,77,129,324,387,545,533,672,751,725,746,1646,1079,1005,653,1318,1500,147,10039,2361,906,329,353,611,445,455,509,691,1121,1067,1200,985,2351,627,547,1019,1932,631,772,1012,1050,1308,1202,1293,1385,1000,763,512,612,84,84,717
266,6392,50,945,1888,1367,0,0,3,0,9,5,7,9,19,19,3,11,17,3,11,0,12,21,6,112,62,7,0,3,12,7,10,5,9,31,14,13,7,19,6,3,21,14,4,13,15,14,16,15,12,14,11,11,3,9,0,3,27
267,6282,48,947,2360,2193,6,3,9,6,15,5,24,23,28,31,25,20,58,46,25,24,86,57,5,403,96,23,20,21,25,31,42,32,42,51,56,43,28,75,25,66,58,48,36,35,38,28,53,60,52,45,34,27,26,41,10,17,53
268,6122,31,947,2238,2104,63,24,48,64,171,165,258,271,387,460,450,486,1038,706,549,301,682,733,71,5752,1166,493,174,271,320,265,252,286,494,755,718,766,617,1121,289,278,484,1050,419,510,569,525,678,703,756,842,575,449,280,325,58,44,391
269,6023,42,951,2817,2394,69,41,49,67,225,164,222,237,287,296,256,215,512,399,511,315,1199,405,69,4532,1006,464,227,230,292,271,283,274,317,415,364,403,375,987,354,578,245,618,384,371,479,542,506,500,457,548,424,403,291,515,93,105,219
270,6028,41,960,2771,2540,96,35,52,81,178,199,292,279,367,386,365,339,814,657,679,491,1746,761,82,6810,1068,720,326,363,446,351,382,402,475,741,629,731,655,1426,488,877,451,1215,552,603,679,681,734,726,778,849,665,563,437,630,103,150,340
271,6156,40,960,2854,2135,129,58,84,155,387,286,296,281,355,342,303,295,647,418,473,317,1455,430,89,4806,1985,484,251,255,329,310,334,325,345,435,423,453,397,948,344,815,442,789,372,417,516,661,656,526,550,627,498,490,329,612,155,237,450
272,6060,37,964,2257,1643,188,69,145,318,701,599,580,662,855,856,766,642,1396,662,677,458,1267,543,154,6540,4998,552,199,337,597,548,621,553,782,1065,872,789,638,1272,340,514,654,874,314,531,821,1127,974,824,994,1108,844,779,573,922,147,165,607
273,6707,37,967,2250,1983,13,4,11,21,41,37,45,52,59,56,54,63,129,86,72,49,108,158,39,743,354,42,38,34,60,61,71,67,96,119,100,105,98,163,44,57,164,68,38,51,57,86,97,129,164,142,94,57,40,40,5,16,122
274,6173,34,967,2685,2492,44,18,16,38,72,72,128,127,167,159,170,185,490,358,403,250,648,514,33,3379,487,368,145,143,155,113,189,154,207,265,300,376,350,892,308,359,305,657,288,277,283,320,396,436,373,413,305,257,163,269,36,34,169
275,6521,47,968,2047,1764,3,0,0,5,6,0,6,3,4,3,10,8,15,10,6,9,8,12,0,83,28,12,3,3,6,7,3,12,14,13,25,16,13,13,5,0,23,8,3,3,10,4,11,7,15,15,7,13,5,4,0,0,17
276,6632,40,974,1875,1812,0,0,0,0,0,0,0,0,0,4,6,0,0,0,0,0,0,4,0,17,3,0,0,0,0,0,3,0,3,3,0,6,3,0,0,0,0,0,4,0,0,0,0,0,0,6,0,0,4,0,0,0,0
277,6038,31,977,2247,2035,42,9,22,42,71,87,132,165,219,274,248,206,486,353,298,144,300,381,35,2816,710,274,60,88,119,99,129,157,250,354,351,330,254,566,153,136,231,531,158,172,231,237,349,363,404,416,316,241,153,182,15,18,150
278,6373,43,979,2208,2125,0,0,0,0,0,0,0,0,4,0,3,0,9,4,0,4,4,6,0,28,0,0,0,0,4,0,0,4,4,6,9,0,3,0,0,0,4,0,0,0,4,0,3,4,0,4,0,5,0,3,0,0,0
279,6420,40,982,2250,1542,3,0,0,0,0,0,0,0,3,3,0,0,7,4,0,0,6,3,0,24,13,3,0,0,0,0,5,0,3,8,5,3,4,0,0,0,0,8,5,0,4,0,0,0,3,5,0,0,0,0,0,4,0
280,6353,39,983,2133,1715,3,0,0,0,13,5,16,19,23,25,21,19,37,23,15,10,23,24,13,195,91,16,3,6,12,14,22,13,34,48,29,31,20,40,7,9,31,25,7,9,19,29,21,29,32,42,21,11,10,12,3,5,25
281,6442,35,983,2478,2129,15,9,8,21,44,29,42,25,35,34,29,33,121,42,68,28,127,74,26,541,265,72,9,32,39,31,23,15,26,36,25,43,50,194,69,68,249,142,35,42,54,52,57,56,55,58,42,39,28,47,3,10,211
282,6020,45,989,2959,2374,105,71,109,100,347,262,347,371,430,420,288,324,732,448,570,408,2127,512,106,6385,1703,552,336,373,473,363,460,402,468,583,529,524,482,1254,494,1230,426,822,539,566,618,676,786,708,682,727,630,567,406,808,172,301,409
283,6164,34,992,2451,2210,250,105,172,283,703,518,850,975,1259,1444,1289,1296,3057,2199,2080,1319,3045,1860,215,18032,4867,1769,671,829,1116,897,981,1031,1587,2330,2174,2233,1898,4108,991,1206,1371,3004,1147,1352,1793,1850,2028,2163,2386,2634,2094,1695,1038,1490,219,202,1143
284,6157,41,993,2675,1838,92,44,96,142,413,277,322,304,389,359,301,272,609,381,417,260,974,351,77,3833,2226,294,175,228,295,285,274,247,278,402,348,370,347,843,280,555,327,479,299,354,457,573,537,454,510,597,447,445,313,499,102,142,358
285,6055,33,994,2329,2159,118,53,65,111,266,291,339,402,603,742,673,705,1621,1138,895,528,1210,930,97,8563,2216,832,249,357,497,406,515,476,909,1329,1248,1162,904,1618,404,481,711,1614,501,594,776,729,961,1027,1178,1301,969,754,514,633,105,104,776
286,6391,41,996,2230,1760,5,0,0,4,25,11,33,22,18,30,22,23,43,27,18,17,38,23,14,266,105,12,5,3,28,18,18,29,36,42,42,35,33,43,16,19,54,28,6,15,32,39,21,29,45,28,22,19,23,26,3,11,51
287,6034,29,1004,2151,2024,15,3,0,16,25,37,38,42,85,88,103,91,223,113,98,39,75,142,19,1027,206,62,21,32,42,50,38,45,80,146,129,142,96,181,39,41,123,180,49,61,87,95,126,114,144,168,119,69,52,53,0,5,74
288,6642,34,1010,1292,1243,7,0,7,15,21,11,20,11,23,17,18,15,36,7,8,6,7,26,31,170,108,25,4,39,34,22,14,16,29,39,26,34,31,94,18,23,190,24,4,31,28,26,30,13,19,30,28,15,19,13,0,3,121
289,6052,39,1011,2811,2051,110,30,73,106,259,172,206,214,255,278,221,205,464,280,356,247,879,248,57,3110,1552,305,128,167,242,222,222,209,249,326,292,334,275,678,212,430,245,430,168,280,376,400,407,312,366,371,373,318,258,468,82,131,235
290,6609,36,1011,2224,1897,0,0,0,6,5,9,17,20,20,18,15,10,31,28,17,13,28,22,6,192,74,16,3,5,11,9,7,20,20,43,35,31,25,31,12,8,66,26,8,13,26,9,28,29,33,26,14,16,14,12,0,4,43
291,6432,35,1014,2375,2001,38,16,33,46,97,70,86,110,145,138,138,139,319,189,179,109,249,176,50,1522,805,163,49,90,106,120,85,105,138,189,168,187,216,530,127,83,753,267,86,102,153,170,188,189,179,237,154,141,92,93,7,9,426
292,6101,35,1014,2559,1974,134,45,102,192,353,280,289,313,405,425,382,350,832,497,524,343,1020,458,79,4306,2727,393,156,271,421,393,437,317,446,650,509,539,415,1061,283,421,643,629,235,349,452,530,565,508,551,640,567,512,359,624,98,120,496
293,6513,44,1015,2549,1649,0,0,3,0,0,4,5,0,7,4,3,0,4,9,5,0,3,5,0,41,21,0,4,4,0,3,9,0,5,11,3,7,6,10,3,4,3,3,4,11,4,5,4,8,0,7,0,7,0,7,0,0,3
294,6053,39,1015,2679,2037,74,42,68,128,368,240,258,289,324,353,297,330,615,443,467,343,991,404,84,4121,1986,343,161,251,352,342,280,280,375,483,407,469,357,973,274,411,371,497,259,365,421,558,500,442,506,541,477,459,357,611,103,127,318
295,6103,34,1015,2246,1723,82,31,67,146,267,176,203,262,342,377,333,270,662,307,307,196,474,306,64,2644,2235,250,90,143,260,247,234,261,336,541,425,382,274,640,187,221,373,439,132,183,317,362,354,312,420,484,384,316,191,316,45,48,255
296,6507,44,1016,2194,1903,4,0,0,0,12,6,11,4,12,9,7,14,20,11,12,7,14,14,6,120,48,10,0,5,10,10,7,9,21,28,12,21,17,24,3,9,64,23,0,6,4,15,12,11,10,20,15,11,4,14,0,0,26
297,6446,42,1018,2062,1625,3,0,0,0,0,0,3,4,5,4,3,0,4,0,3,0,3,0,0,36,17,0,0,0,3,0,0,4,5,5,6,0,0,3,0,5,3,9,0,0,3,4,0,7,3,0,0,4,0,5,0,0,6
298,6465,60,1020,1875,1187,0,0,0,0,7,0,0,0,6,0,0,4,4,0,0,0,0,6,0,12,10,0,0,0,0,3,0,0,4,3,0,0,0,3,0,3,3,0,0,0,0,0,0,0,0,4,0,0,0,0,0,0,5
299,6575,48,1020,2583,1166,0,0,0,0,0,4,5,4,3,4,0,0,4,3,0,0,3,8,0,20,13,0,0,0,0,0,3,8,6,5,5,0,6,5,0,5,5,4,0,0,0,4,0,0,0,3,3,0,0,4,0,0,8
300,6396,46,1020,2147,1573,0,0,0,9,9,3,5,12,14,6,12,8,16,8,7,3,9,14,0,87,56,3,0,7,16,10,12,9,10,23,13,18,3,15,4,4,16,14,5,0,3,14,12,9,7,19,5,3,6,6,3,5,19
301,6468,44,1021,2035,1604,0,0,0,0,6,4,3,5,5,8,7,4,10,8,4,0,4,3,0,48,21,4,0,0,3,0,5,4,4,12,15,10,7,11,0,4,18,7,0,6,4,3,5,12,3,0,7,3,0,3,0,0,11
302,6160,41,1021,2713,1822,74,33,77,134,257,161,185,218,247,229,205,224,436,200,252,136,695,261,51,2137,1933,213,95,171,215,239,222,170,236,284,237,244,218,561,159,372,430,260,146,169,314,367,318,264,311,358,271,298,197,363,95,139,318
303,6725,34,1029,2359,2040,48,34,58,129,109,98,139,122,192,181,152,150,382,264,261,162,394,379,117,2388,992,209,80,223,304,144,129,168,219,313,287,297,271,460,112,139,755,254,137,244,325,212,241,262,322,408,379,328,222,316,40,55,700
304,6012,42,1030,3456,2132,69,33,67,101,201,148,130,169,188,178,146,127,257,143,193,90,1016,225,40,2247,1272,238,112,148,166,200,172,148,168,210,181,164,163,411,159,724,254,481,199,205,212,277,286,229,268,286,222,249,182,269,100,304,235
305,6337,36,1035,2172,1765,0,0,9,4,3,3,7,10,12,14,11,16,18,13,18,0,20,21,4,122,60,9,0,9,4,11,12,9,22,22,25,24,18,17,5,6,33,15,7,13,12,10,15,18,18,16,6,8,3,10,11,4,26
306,6384,47,1041,3625,3124,0,0,0,0,0,0,0,0,0,0,0,0,0,0,0,3,0,0,0,3,3,0,0,0,0,0,0,0,0,3,0,0,0,3,0,0,0,0,0,0,0,0,0,0,0,0,0,0,0,0,0,0,0
307,6625,39,1042,1937,1812,0,0,0,0,0,0,0,0,0,3,0,3,4,0,0,0,5,4,0,16,3,0,0,0,0,0,3,0,0,8,5,0,0,6,0,3,0,3,0,0,0,0,0,0,0,0,3,0,0,3,0,0,0
308,6368,35,1042,1875,1468,0,0,0,0,0,0,4,0,0,9,0,0,4,5,0,0,3,0,0,22,7,0,0,0,0,3,6,0,4,3,4,4,3,0,0,4,0,0,0,0,7,0,0,3,3,7,5,0,4,0,0,0,3
309,6426,47,1048,1854,1328,8,3,12,6,21,16,17,20,28,24,11,14,33,22,15,6,15,23,9,161,144,21,3,13,23,31,20,21,22,24,23,27,25,82,33,24,113,22,12,13,23,31,32,19,20,23,23,12,10,20,7,3,31
310,6018,39,1048,2888,2210,251,98,227,347,857,538,672,697,808,824,707,710,1586,1076,1178,806,3437,1084,187,11117,4983,1011,522,581,787,753,682,650,775,1085,1000,1101,998,2528,856,1847,958,1702,807,954,1125,1574,1328,1280,1261,1447,1339,1271,910,1609,307,486,976
311,6051,36,1050,2386,1623,112,36,102,215,362,299,337,383,467,475,381,354,752,351,379,229,716,343,68,3185,3168,258,78,164,321,326,313,318,428,556,477,397,344,776,222,343,414,435,146,245,377,401,417,408,495,555,441,422,305,544,102,99,335
312,6355,42,1053,2250,1792,5,0,0,0,9,0,7,16,12,9,12,18,18,9,10,7,17,18,5,116,49,6,3,3,6,6,4,12,23,9,21,17,19,23,3,10,28,10,8,3,10,10,10,12,16,18,10,12,7,9,0,7,21
313,6743,33,1055,2186,1971,26,12,22,37,57,47,57,69,109,124,107,111,220,151,136,63,196,208,64,1293,525,149,41,158,109,71,105,64,140,188,210,176,137,254,50,75,484,147,56,152,151,109,132,129,183,267,211,184,140,158,24,36,493
314,6509,46,1057,2166,1666,0,0,0,0,0,0,0,0,7,0,3,0,4,5,4,3,4,0,0,34,14,9,0,0,0,3,0,0,4,8,8,5,7,6,0,3,9,5,3,0,4,0,0,3,6,10,3,5,4,0,4,0,8
315,6100,36,1057,2464,1896,133,35,84,168,277,269,301,375,443,490,429,371,856,427,436,293,1044,415,67,4003,2920,382,123,195,312,313,377,382,448,663,507,525,423,988,321,532,512,651,224,306,434,428,504,496,542,614,500,451,312,577,114,165,376
316,6356,42,1067,1437,1708,0,0,0,0,0,0,3,5,0,7,3,4,4,0,0,0,3,7,0,25,14,3,0,0,4,4,6,0,0,8,6,5,0,5,0,0,9,4,0,0,0,0,0,5,3,4,0,0,0,0,5,0,3
317,6153,43,1074,3066,2340,147,66,93,140,299,259,325,342,435,463,376,358,742,444,511,327,2292,468,76,5994,2179,612,309,310,341,290,370,370,387,589,478,487,413,1102,442,1484,364,1004,498,493,534,668,705,569,634,724,616,584,439,845,209,465,360
318,6158,44,1075,3178,2288,50,21,32,49,125,114,122,105,146,185,132,117,267,144,190,120,782,204,25,2058,860,227,113,114,128,133,134,142,146,160,163,160,151,371,173,516,205,288,203,143,189,225,225,238,220,265,232,223,159,310,83,156,232
319,6050,41,1075,3241,2088,82,37,82,146,297,282,264,301,400,384,303,278,590,297,354,225,1609,346,75,3859,2493,375,156,258,310,346,313,311,332,478,401,365,343,754,326,1000,452,542,296,346,444,517,558,431,488,544,460,448,346,644,180,359,444
320,6363,45,1079,2624,2333,0,0,0,0,0,0,0,0,0,0,0,3,0,0,0,0,0,5,3,23,4,3,0,0,0,0,9,0,0,5,0,0,6,3,0,0,8,6,3,0,5,0,0,3,0,5,0,4,8,0,0,0,8
321,6467,54,1083,2250,1874,0,0,0,0,0,0,0,0,0,0,0,0,0,0,0,0,3,4,0,6,0,0,0,0,0,0,0,0,0,3,3,0,0,0,0,0,0,0,0,0,0,0,0,0,0,0,0,0,7,0,0,0,0
322,6014,39,1091,3296,2289,115,56,88,136,313,329,341,364,493,516,388,372,710,429,464,309,2415,443,77,5827,2530,586,295,310,319,360,412,367,495,597,476,457,384,1049,440,1584,330,845,459,463,464,591,722,634,692,778,611,567,443,825,233,563,365
323,6341,37,1092,2104,1766,0,0,0,0,0,0,8,10,9,5,3,8,12,9,4,0,6,10,0,65,27,5,0,0,7,0,5,4,7,11,15,12,9,12,6,4,7,11,0,3,10,7,4,3,5,10,11,3,4,4,0,7,3
324,6438,37,1092,1671,1446,3,0,3,4,11,8,12,11,14,12,18,8,19,5,13,0,13,19,9,110,85,12,0,13,24,16,9,12,0,17,14,25,34,51,13,21,212,19,6,15,26,18,16,19,11,18,12,20,14,7,5,5,73
325,6016,36,1092,3020,2328,53,23,58,84,191,144,144,154,221,205,185,181,448,285,307,197,997,191,41,2843,1265,246,120,134,178,208,196,167,258,310,267,223,237,592,236,538,200,346,183,190,260,388,323,291,364,410,313,306,222,440,116,178,165
326,6359,43,1096,2146,1398,0,0,0,4,6,3,10,4,16,16,3,3,12,3,4,5,15,15,3,91,43,5,6,3,10,12,11,15,8,19,24,23,16,17,5,10,34,7,0,4,11,9,11,11,5,22,10,10,9,6,4,4,26
327,6029,43,1110,3525,2779,11,7,11,6,37,40,43,33,42,50,33,31,73,57,53,52,324,75,19,781,217,57,54,41,51,42,49,45,51,66,59,63,55,154,75,208,74,107,65,81,74,73,94,78,82,92,72,64,53,109,28,78,56
328,6425,45,1111,2250,1999,0,0,0,0,0,0,3,0,4,3,0,0,0,3,0,5,3,3,0,28,6,3,0,0,3,4,8,0,0,7,0,8,0,0,0,0,0,4,0,0,4,0,0,3,0,3,9,0,3,3,0,0,8
329,6161,33,1112,2340,2042,0,0,0,0,0,0,0,9,3,6,0,4,11,5,3,3,0,6,5,24,32,0,0,0,0,0,0,4,14,15,7,4,4,11,0,0,12,0,0,0,0,3,3,5,14,17,12,3,0,0,0,0,7
330,6343,41,1114,2312,1833,4,0,0,0,0,3,0,4,10,6,0,4,8,5,8,0,3,6,0,48,32,6,4,0,0,3,3,4,0,14,9,9,8,12,0,5,15,10,4,0,3,7,4,7,4,8,4,7,8,6,0,0,18
331,6428,45,1124,2750,2374,0,0,0,0,0,0,0,0,0,0,0,0,4,0,0,0,4,3,0,11,0,0,0,0,0,0,0,0,0,0,0,0,0,3,0,3,8,0,0,0,0,0,5,0,0,0,0,7,0,0,0,3,7
332,6003,33,1130,2525,1843,37,11,31,44,72,52,54,80,130,138,110,120,219,128,111,59,205,112,21,790,933,60,20,49,63,84,96,85,137,181,152,122,103,240,72,111,219,107,36,61,82,86,123,112,119,172,125,113,89,143,26,42,144
333,6151,40,1131,3007,2113,183,58,87,130,271,284,251,295,421,468,388,374,768,359,438,276,1706,407,88,4449,2810,507,209,236,299,293,324,316,382,517,418,462,393,979,381,1075,442,701,325,348,387,429,569,473,506,674,545,507,393,651,191,386,463
334,6346,39,1131,1970,1801,3,0,0,6,16,6,20,15,13,13,21,24,30,19,20,10,21,28,5,194,87,13,0,15,20,20,14,15,18,22,29,35,36,60,14,17,52,23,6,18,24,30,25,9,19,33,22,13,10,24,0,8,27
335,6386,42,1140,2749,1875,0,0,0,0,0,0,0,0,3,0,0,0,3,0,0,0,0,3,0,22,3,0,0,0,0,0,0,4,3,4,0,3,0,0,0,0,23,0,0,0,0,3,0,0,5,3,3,0,0,3,0,3,18
336,6010,43,1142,3598,2417,116,72,72,142,310,256,254,308,319,371,278,305,579,323,380,267,2214,446,92,4832,2264,642,336,244,274,264,330,270,338,380,324,396,313,899,366,1566,469,834,401,378,417,541,526,493,513,569,542,525,405,785,237,589,464
337,6000,33,1142,2505,1964,181,34,74,143,183,180,209,285,385,406,390,414,902,330,432,221,873,352,57,2755,3305,405,93,174,292,241,322,284,406,586,484,475,392,995,288,547,1020,581,135,230,300,330,326,386,464,494,422,407,322,498,105,170,656
338,6640,54,1145,1333,682,0,0,0,4,16,9,3,0,0,5,3,5,5,0,5,4,0,3,4,20,45,6,4,0,6,10,4,0,5,7,8,8,14,22,12,6,23,3,4,5,12,13,4,3,5,7,4,0,0,5,0,0,11
339,6006,38,1147,3161,2323,60,22,38,95,152,131,140,154,209,197,192,169,416,259,282,182,948,214,36,2398,1483,213,109,133,221,214,208,169,204,264,240,264,215,633,204,488,212,287,121,183,261,342,298,262,296,334,285,305,251,451,110,185,173
340,6726,34,1166,2563,2181,19,9,24,40,56,48,57,74,98,86,83,90,211,133,153,93,252,225,40,1278,518,105,55,67,75,78,74,70,110,167,182,184,152,289,61,88,333,130,67,75,116,95,134,143,217,243,170,172,142,216,20,53,325
341,6574,42,1171,2083,1812,0,0,0,0,0,0,0,0,0,0,4,0,5,3,0,0,3,7,0,19,4,0,0,0,0,0,0,0,0,5,3,0,4,5,0,0,3,6,0,0,0,0,0,0,3,3,5,0,3,0,0,0,4
342,6004,35,1174,2563,2005,161,26,77,119,197,169,173,229,358,372,376,330,776,304,400,183,941,312,49,2817,2748,299,87,130,208,227,262,201,336,451,405,416,371,804,297,588,595,589,134,206,227,294,351,332,357,491,389,352,254,475,103,173,410
343,6613,40,1196,2750,2333,0,0,0,0,0,0,0,0,0,0,0,0,0,3,0,0,4,0,0,12,9,0,0,0,0,0,0,0,0,3,0,0,6,0,0,6,0,3,0,0,0,0,0,0,6,5,0,0,0,5,0,0,0
344,6646,35,1196,767,1109,4,0,7,5,8,5,6,9,6,9,3,3,6,3,3,0,3,5,9,56,34,4,10,23,9,5,0,4,13,9,13,17,22,43,10,16,115,7,8,31,0,5,8,0,8,9,8,8,3,8,0,0,38
345,6572,41,1199,2249,1875,0,0,0,0,0,0,0,0,0,0,0,0,0,0,0,0,10,0,0,18,5,0,0,0,4,0,0,0,0,0,3,0,0,0,0,0,4,4,0,0,6,0,0,0,0,4,0,3,0,5,0,5,4
346,6019,37,1199,2930,2188,145,60,105,162,365,353,385,421,565,607,470,495,1145,582,766,441,2056,776,97,6262,3717,622,260,285,334,361,409,395,506,699,653,680,631,1687,552,1102,715,788,381,446,474,728,748,721,823,895,860,824,613,1042,225,355,560
347,6015,47,1228,4592,3700,34,12,14,29,61,49,65,70,101,91,56,70,138,96,110,75,998,181,39,1857,448,249,120,83,86,77,124,81,112,120,118,138,118,278,150,748,119,314,166,146,135,160,191,167,167,199,164,184,128,245,106,280,126
348,6008,40,1241,3339,2234,108,48,84,187,315,260,247,277,349,363,333,337,721,338,397,280,1840,331,67,4075,2790,366,202,188,297,269,310,227,291,350,330,407,316,921,346,1147,443,593,293,315,341,477,463,423,440,510,482,548,386,770,199,454,394
349,6005,35,1251,2768,1918,66,19,51,94,110,107,100,153,162,206,183,194,361,158,200,112,491,152,31,1287,1661,126,36,85,135,115,127,126,158,242,203,189,216,455,145,287,246,207,61,76,134,158,190,170,211,249,210,219,167,294,84,131,176
350,6430,34,1271,2970,2429,101,38,61,98,228,158,216,246,297,338,378,404,1009,607,758,433,1481,623,166,5367,2280,471,181,171,254,259,261,232,331,501,536,739,754,1950,670,622,878,875,290,293,389,490,585,589,658,776,644,624,441,602,115,109,717
351,6605,45,1275,2416,1875,0,0,0,0,0,0,0,0,0,0,0,0,6,0,0,0,0,3,0,7,3,0,0,0,0,0,0,0,0,3,9,5,5,0,0,0,5,0,0,0,0,0,0,0,0,0,0,0,0,0,0,0,4
352,6447,36,1286,2299,1875,3,0,0,0,4,0,0,0,6,8,10,3,9,4,3,0,11,5,0,46,20,3,0,0,0,0,0,0,0,16,10,7,3,4,4,5,5,10,4,7,4,5,0,0,4,4,3,3,3,0,3,8,5
353,6159,48,1287,3261,2387,30,9,31,36,72,53,64,53,79,85,55,79,142,83,117,62,470,103,16,1032,625,85,44,47,72,72,71,48,68,95,95,92,98,223,90,308,136,148,60,73,105,116,115,116,99,134,131,114,117,182,56,130,158
354,6422,32,1291,2625,2125,0,0,0,0,0,0,0,0,0,0,0,0,0,0,0,3,0,3,0,22,4,0,0,0,0,0,4,0,0,4,0,0,4,8,0,0,4,0,0,0,0,0,0,0,3,4,0,0,0,0,0,0,0
355,6007,36,1337,3288,2349,47,12,28,55,125,123,112,135,154,205,173,171,411,213,237,150,894,208,18,2035,1448,149,65,95,118,109,154,133,155,210,199,236,219,495,183,520,233,234,115,146,169,220,242,230,256,281,267,267,215,487,124,196,266
356,6635,33,1339,1583,1562,0,0,3,5,4,0,0,0,0,5,9,6,9,0,6,3,0,5,3,37,22,6,0,4,11,9,5,0,9,5,8,13,7,31,8,5,121,6,0,4,4,10,3,7,4,5,5,7,0,5,4,0,32
357,6090,43,1350,7000,1749,0,0,0,0,0,0,0,0,0,4,0,0,0,0,0,0,0,0,0,0,3,0,0,0,0,0,0,0,0,3,3,0,0,0,4,0,4,0,0,0,0,0,0,0,0,0,0,0,0,0,0,0,0
358,6571,45,1359,3062,1708,0,0,0,0,0,0,4,5,0,0,3,0,0,0,4,0,5,3,0,15,10,0,0,0,0,0,0,0,0,0,0,3,0,3,0,0,0,0,0,0,0,0,0,3,0,0,4,5,0,0,0,0,6
359,6710,36,1365,2919,2443,6,0,4,5,12,9,10,10,12,15,3,12,42,28,21,19,55,15,3,209,73,15,0,11,16,16,0,3,14,24,22,21,29,82,20,42,79,25,7,17,22,13,21,15,22,36,33,18,12,24,8,10,65
360,6424,52,1375,3100,2624,0,0,0,0,0,0,0,0,0,0,3,0,0,0,10,0,0,3,0,13,8,0,0,0,0,0,0,0,5,0,0,5,0,4,3,0,5,4,0,0,5,3,0,0,3,0,0,6,0,0,0,0,4
361,6620,41,1392,2091,1764,0,0,4,0,12,4,7,3,7,11,9,9,11,6,4,0,8,4,6,72,38,11,4,0,8,7,5,5,9,12,24,17,15,51,13,11,106,3,3,6,6,17,4,13,11,20,4,13,3,4,0,4,45
362,6722,32,1413,3029,2595,38,11,31,49,47,46,74,75,117,139,157,197,480,259,360,226,722,315,93,2465,983,243,50,122,124,85,63,83,107,211,213,302,338,929,409,358,877,452,94,152,201,158,198,209,243,323,336,305,219,325,63,49,642
363,6760,38,1433,767,1035,5,0,8,7,8,3,9,8,19,8,9,5,6,4,0,5,11,4,6,61,61,20,6,45,16,11,7,9,8,15,25,21,39,111,27,35,247,13,0,48,9,16,11,8,12,14,11,11,11,16,4,3,52
364,6011,44,1464,4652,3454,59,22,28,43,78,81,81,102,134,123,101,124,275,136,187,117,1425,263,40,2435,979,275,125,135,112,112,106,116,122,162,173,183,181,373,210,1149,221,468,227,174,173,186,224,184,183,266,245,264,213,440,152,469,238
365,6452,57,1500,2250,2250,0,0,0,0,0,0,0,0,0,0,0,0,0,0,0,0,0,0,0,0,0,0,0,0,0,0,0,0,0,0,0,0,0,0,0,0,0,0,0,0,0,0,0,0,0,0,0,0,0,0,0,0,0
366,6440,37,1569,988,966,3,0,12,13,19,5,19,16,10,5,10,12,16,10,9,5,10,12,6,115,67,25,0,41,27,10,6,5,21,20,26,36,47,138,43,38,365,17,0,52,29,13,12,13,18,14,10,22,24,32,3,0,94
367,6714,32,1587,3492,3188,33,14,20,32,49,40,54,74,121,158,209,271,646,346,546,340,1593,476,64,3787,1294,255,110,115,69,68,92,118,190,323,324,432,510,1485,581,1034,1460,585,200,196,197,187,267,329,437,558,446,436,406,549,89,141,957
368,6470,21,1625,3250,2749,0,0,0,0,0,0,0,0,0,0,0,0,0,0,0,0,3,0,0,6,4,0,0,0,0,0,0,0,0,0,0,0,0,0,0,0,0,0,0,0,0,0,0,0,0,0,0,0,0,0,0,0,0
369,6720,32,1645,3689,3290,3,3,0,3,3,3,7,7,12,14,20,16,78,44,70,43,200,46,11,459,151,35,21,11,16,16,7,12,9,32,32,59,47,220,97,123,204,75,31,18,20,19,32,44,46,58,50,58,31,69,13,15,124
370,6713,35,1698,3941,3664,8,0,0,7,0,3,3,0,10,10,12,9,28,21,38,30,147,40,3,317,67,23,5,3,7,3,8,8,8,30,13,25,33,77,73,99,58,57,14,6,12,14,16,27,32,37,35,32,21,55,10,24,61
371,6753,33,1717,3194,2850,9,4,9,11,6,7,29,26,35,65,70,90,170,127,146,108,331,125,13,997,385,74,22,92,22,20,26,33,53,121,154,193,263,732,318,267,924,179,41,97,67,50,84,86,131,169,207,174,125,199,60,40,368
372,6631,62,1812,3750,3250,0,0,0,0,0,0,0,0,0,0,0,0,0,0,0,0,3,0,0,3,3,0,0,0,0,0,0,0,0,0,0,0,0,0,0,0,0,0,0,0,0,0,0,0,0,0,0,0,0,0,0,0,0
373,6721,34,1817,3905,3369,15,3,8,18,13,17,13,12,25,33,59,50,176,75,166,100,492,117,28,972,448,55,16,29,34,22,25,31,20,45,60,101,111,447,182,317,298,134,30,44,44,33,56,72,90,129,128,157,97,188,48,54,245
374,6437,30,1817,3020,2562,0,0,0,0,0,0,0,0,0,6,9,3,28,9,13,12,20,18,0,99,21,3,0,0,0,0,0,3,0,7,21,18,48,96,25,19,132,22,0,12,3,4,5,11,8,16,26,17,7,18,5,0,53
375,6762,34,1833,715,1083,0,0,0,0,5,0,3,8,7,4,6,0,5,0,0,0,0,0,8,44,13,8,0,55,6,0,6,0,0,3,10,25,32,103,33,36,138,5,0,45,15,9,0,0,0,0,16,4,4,15,9,0,19
376,6751,33,1897,3338,3029,10,0,12,7,12,10,7,15,19,24,20,41,157,70,120,76,211,89,17,679,219,54,18,27,10,18,8,17,33,49,58,72,117,516,220,202,425,126,27,64,43,40,49,58,74,90,78,85,55,159,27,13,210
377,6754,35,1959,3567,3215,0,0,0,0,0,0,0,6,3,5,14,20,66,8,47,30,91,42,0,235,103,19,10,4,4,5,0,3,11,11,23,20,36,152,79,66,156,56,12,8,10,7,9,15,17,34,28,24,32,67,13,5,73
378,6716,32,2077,2625,2028,5,0,0,0,0,0,0,0,3,6,5,6,7,5,6,0,10,9,0,48,22,11,0,3,0,0,0,4,10,12,15,31,32,154,77,60,115,40,15,7,8,7,16,8,12,15,32,21,6,47,6,0,53
379,6434,31,2119,0,1499,0,0,0,0,0,0,0,0,0,0,0,0,0,0,0,0,0,5,0,0,3,0,0,0,0,0,0,3,8,4,3,0,10,45,3,3,60,0,0,0,0,0,4,0,0,0,0,0,0,0,0,0,9
380,6385,62,2167,3750,2749,0,0,0,0,0,0,0,0,0,0,0,0,0,0,0,0,3,4,0,9,0,0,0,0,0,0,0,0,0,0,0,0,0,0,0,4,0,0,0,0,0,0,0,0,0,0,0,3,0,0,0,0,0
381,6712,41,2167,0,0,0,0,0,0,0,0,0,0,0,0,0,0,0,0,0,0,0,0,0,0,0,0,0,0,0,0,0,0,0,0,0,0,0,0,0,0,33,0,0,0,0,0,0,0,0,3,0,0,0,0,0,0,5
382,6427,43,2200,0,0,0,0,0,0,0,0,0,0,0,0,0,0,0,0,0,0,0,0,0,0,0,0,0,0,0,0,0,0,0,3,0,4,4,17,3,0,41,0,0,0,0,0,0,0,0,0,0,4,0,0,0,0,4
383,6758,38,2500,780,1321,0,0,0,0,4,5,0,0,8,6,0,0,7,0,0,0,6,0,3,24,13,8,3,25,6,5,3,3,3,22,13,32,25,152,103,122,402,7,0,21,4,4,6,0,3,9,16,9,10,33,10,0,75
