index,post_code,suburb,state,lat,long
0,6000,CITY DELIVERY CENTRE,WA,-31.955,115.855
1,6000,PERTH,WA,-31.9525739,115.8610488
2,6000,PERTH GPO,WA,-31.9513,115.859
3,6001,PERTH,WA,-31.9505269,115.8604572
4,6003,HIGHGATE,WA,-31.9392191,115.8691573
5,6003,NORTHBRIDGE,WA,-31.9436266,115.8538427
6,6004,EAST PERTH,WA,-31.9540106,115.8787926
7,6005,KINGS PARK,WA,-31.9611453,115.8416305
8,6005,WEST PERTH,WA,-31.9453285,115.8474335
9,6006,NORTH PERTH,WA,-31.9273539,115.8551339
10,6007,LEEDERVILLE,WA,-31.9319556,115.84128
11,6007,WEST LEEDERVILLE,WA,-31.9406909,115.8316845
12,6008,SUBIACO,WA,-31.9469931,115.8285548
13,6008,SUBIACO EAST,WA,-31.9469931,115.8285548
14,6008,DAGLISH,WA,-31.9518509,115.8097338
15,6008,SHENTON PARK,WA,-31.9588145,115.8053226
16,6009,BROADWAY NEDLANDS,WA,-31.9836798,115.8145049
17,6009,CRAWLEY,WA,-31.9820615,115.8107681
18,6009,DALKEITH,WA,-31.9947742,115.7988073
19,6009,NEDLANDS,WA,-31.979149,115.8037341
20,6009,NEDLANDS DC,WA,-31.9754,115.793
21,6010,SWANBOURNE,WA,-31.97106,115.7668042
22,6010,MOUNT CLAREMONT,WA,-31.9637267,115.7837568
23,6010,CLAREMONT NORTH,WA,-31.9842456,115.7780005
24,6010,CLAREMONT,WA,-31.9842456,115.7780005
25,6010,KARRAKATTA,WA,-31.9652885,115.8005084
26,6011,COTTESLOE,WA,-31.9896506,115.7630503
27,6011,PEPPERMINT GROVE,WA,-31.9979804,115.7676977
28,6012,MOSMAN PARK,WA,-32.0135412,115.7634366
29,6014,WEMBLEY,WA,-31.9343,115.82
30,6014,JOLIMONT,WA,-31.947634,115.8115906
31,6014,FLOREAT,WA,-31.9344265,115.7906461
32,6014,FLOREAT FORUM,WA,-31.9380276,115.7928916
33,6015,CITY BEACH,WA,-31.9393057,115.7634366
34,6016,GLENDALOUGH,WA,-31.9192332,115.8200294
35,6016,MOUNT HAWTHORN,WA,-31.9195792,115.8355846
36,6017,HERDSMAN,WA,-31.9204615,115.80455
37,6017,OSBORNE PARK,WA,-31.9142574,115.8230694
38,6017,OSBORNE PARK DC,WA,-31.9002,115.812
39,6018,WOODLANDS,WA,-31.9089392,115.7925911
40,6018,KARRINYUP,WA,-31.8739029,115.7708104
41,6018,GWELUP DC,WA,-31.8761,115.799
42,6018,INNALOO,WA,-31.8942851,115.7962433
43,6018,DOUBLEVIEW,WA,-31.8999114,115.7812494
44,6018,CHURCHLANDS,WA,-31.9215456,115.7897621
45,6018,GWELUP,WA,-31.8692507,115.7962494
46,6019,SCARBOROUGH,WA,-31.8980316,115.7715973
47,6019,WEMBLEY DOWNS,WA,-31.9133658,115.7727457
48,6020,CARINE,WA,-31.8511492,115.7776455
49,6020,MARMION,WA,-31.8431646,115.7576233
50,6020,NORTH BEACH,WA,-31.8611706,115.7582009
51,6020,SORRENTO,WA,-31.8254068,115.7527574
52,6020,WATERMANS BAY,WA,-31.8496,115.755
53,6021,STIRLING,WA,-31.886448,115.8098708
54,6021,BALCATTA,WA,-31.8601754,115.8104652
55,6022,HAMERSLEY,WA,-31.8514757,115.8137261
56,6023,GLENGARRY,WA,-31.8275,115.78
57,6023,DUNCRAIG,WA,-31.8306124,115.7752703
58,6024,WARWICK,WA,-31.8421345,115.8128004
59,6024,GREENWOOD,WA,-31.8248279,115.804795
60,6025,CRAIGIE,WA,-31.7852371,115.7675831
61,6025,HILLARYS,WA,-31.8083286,115.7438768
62,6025,KALLAROO,WA,-31.789,115.739
63,6025,PADBURY,WA,-31.8007703,115.7734455
64,6026,KINGSLEY,WA,-31.8115417,115.8043918
65,6026,WOODVALE,WA,-31.7945139,115.796097
66,6027,MULLALOO,WA,-31.7803535,115.7438482
67,6027,JOONDALUP DC,WA,-31.7412,115.759
68,6027,JOONDALUP,WA,-31.7339218,115.7657296
69,6027,OCEAN REEF,WA,-31.7600517,115.7332807
70,6027,EDGEWATER,WA,-31.7647978,115.781458
71,6027,CONNOLLY,WA,-31.7518034,115.7505882
72,6027,BELDON,WA,-31.7725971,115.7672666
73,6027,HEATHRIDGE,WA,-31.759339,115.7579544
74,6028,BURNS BEACH,WA,-31.7246872,115.7248959
75,6028,CURRAMBINE,WA,-31.7350638,115.7450235
76,6028,ILUKA,WA,-31.738911,115.7291538
77,6028,KINROSS,WA,-31.7214518,115.7413155
78,6029,TRIGG,WA,-31.8736239,115.7604781
79,6030,CLARKSON,WA,-31.6843679,115.7267753
80,6030,MERRIWA,WA,-31.6673101,115.7127407
81,6030,MINDARIE,WA,-31.6900771,115.7060487
82,6030,QUINNS ROCKS,WA,-31.6605175,115.6959328
83,6030,RIDGEWOOD,WA,-31.6592742,115.7211663
84,6030,TAMALA PARK,WA,-31.7074231,115.7221964
85,6031,BANKSIA GROVE,WA,-31.7032401,115.8049933
86,6031,CARRAMAR,WA,-31.7061221,115.7879599
87,6031,NEERABUP,WA,-31.6922619,115.7608745
88,6032,NOWERGUP,WA,-31.6459321,115.7693535
89,6033,CARABOODA,WA,-31.5988865,115.7160969
90,6034,EGLINTON,WA,-31.5877637,115.6687491
91,6035,YANCHEP,WA,-31.536528,115.7338502
92,6036,BUTLER,WA,-31.6417639,115.7041334
93,6036,JINDALEE,WA,-31.6506812,115.6920211
94,6037,TWO ROCKS,WA,-31.4847915,115.6273131
95,6038,ALKIMOS,WA,-31.6171563,115.6805868
96,6041,CARABAN,WA,-31.3624436,115.5454302
97,6041,GABBADAH,WA,-31.2810291,115.5043259
98,6041,GUILDERTON,WA,-31.3418065,115.5056451
99,6041,WILBINGA,WA,-31.3993198,115.6071105
100,6041,WOODRIDGE,WA,-31.3369602,115.5997274
101,6042,SEABIRD,WA,-31.2638905,115.4615092
102,6043,LEDGE POINT,WA,-31.106689,115.3756308
103,6043,BRETON BAY,WA,-31.1919489,115.4504558
104,6044,KARAKIN,WA,-31.0647006,115.3972411
105,6044,LANCELIN,WA,-31.0454098,115.3532775
106,6044,NILGEN,WA,-30.9710676,115.3670058
107,6044,WEDGE ISLAND,WA,-30.7904266,115.2174028
108,6050,COOLBINIA,WA,-31.9138684,115.8543906
109,6050,MENORA,WA,-31.9231622,115.8608222
110,6050,MOUNT LAWLEY,WA,-31.9320594,115.8741149
111,6051,MAYLANDS,WA,-31.938255,115.9024493
112,6052,BEDFORD,WA,-31.915616,115.884707
113,6052,INGLEWOOD,WA,-31.9168382,115.8851214
114,6053,BAYSWATER,WA,-31.9164799,115.9172336
115,6054,KIARA,WA,-31.8843886,115.9380878
116,6054,LOCKRIDGE,WA,-31.8818885,115.9498271
117,6054,EDEN HILL,WA,-31.8906446,115.9421817
118,6054,BASSENDEAN DC,WA,-31.9032,115.928
119,6054,BASSENDEAN,WA,-31.9076376,115.9425873
120,6054,ASHFIELD,WA,-31.9172344,115.9366041
121,6055,WEST SWAN,WA,-31.8460686,115.9889019
122,6055,SOUTH GUILDFORD,WA,-31.9101748,115.9668664
123,6055,HAZELMERE,WA,-31.9106188,116.0098025
124,6055,GUILDFORD,WA,-31.8989836,115.9718099
125,6055,HENLEY BROOK,WA,-31.8011091,115.9748448
126,6055,CAVERSHAM,WA,-31.8757294,115.9748739
127,6055,BUSHMEAD,WA,-31.9229,116.027
128,6055,BRABHAM,WA,-31.8271,115.969
129,6055,DAYTON,WA,-31.8556,115.969
130,6056,MIDLAND,WA,-31.8917642,116.0134587
131,6056,SWAN VIEW,WA,-31.8858539,116.0522873
132,6056,STRATTON,WA,-31.8700818,116.0339382
133,6056,RED HILL,WA,-31.8293505,116.0768075
134,6056,MILLENDON,WA,-31.8073045,116.0285054
135,6056,MIDVALE,WA,-31.8860343,116.0283186
136,6056,MIDDLE SWAN,WA,-31.8723346,116.0173525
137,6056,BOYA,WA,-31.915078,116.0532403
138,6056,JANE BROOK,WA,-31.8619221,116.0594798
139,6056,HERNE HILL,WA,-31.8291659,116.0166261
140,6056,HELENA VALLEY,WA,-31.9200748,116.0343803
141,6056,GREENMOUNT,WA,-31.8983463,116.0489523
142,6056,VIVEASH,WA,-31.8759979,115.9988236
143,6056,BELLEVUE,WA,-31.8999664,116.0236901
144,6056,BASKERVILLE,WA,-31.7971967,116.0505576
145,6056,KOONGAMIA,WA,-31.9062572,116.040491
146,6056,WOODBRIDGE,WA,-31.891243,115.9928975
147,6057,MAIDA VALE,WA,-31.9530067,116.0241739
148,6057,HIGH WYCOMBE,WA,-31.9365204,116.006311
149,6058,FORRESTFIELD,WA,-31.9831525,116.0000104
150,6059,DIANELLA,WA,-31.8843665,115.8699209
151,6060,DOG SWAMP,WA,-31.9093757,115.8459841
152,6060,JOONDANNA,WA,-31.9108876,115.8457182
153,6060,TUART HILL,WA,-31.8965657,115.8355162
154,6060,YOKINE,WA,-31.9014963,115.8494185
155,6060,YOKINE SOUTH,WA,-31.9105,115.849
156,6061,WESTMINSTER,WA,-31.8664257,115.8407834
157,6061,BALGA,WA,-31.8576435,115.8357889
158,6061,MIRRABOOKA,WA,-31.8662015,115.8662538
159,6061,NOLLAMARA,WA,-31.8805717,115.8472254
160,6062,MORLEY,WA,-31.8889571,115.9181651
161,6062,NORANDA,WA,-31.8754476,115.8964691
162,6062,EMBLETON,WA,-31.90313,115.9104907
163,6063,BEECHBORO,WA,-31.8680248,115.9387494
164,6063,BENNETT SPRINGS,WA,-31.8584,115.946
165,6064,ALEXANDER HEIGHTS,WA,-31.8269026,115.8671293
166,6064,GIRRAWHEEN,WA,-31.8406834,115.8403151
167,6064,KOONDOOLA,WA,-31.8412583,115.8628244
168,6064,MARANGAROO,WA,-31.8278073,115.841335
169,6065,PINJAR,WA,-31.763241,115.816684
170,6065,PEARSALL,WA,-31.7801238,115.813642
171,6065,SINAGRA,WA,-31.7399535,115.8027687
172,6065,MELALEUCA,WA,-31.763241,115.816684
173,6065,WANGARA,WA,-31.7915003,115.8281157
174,6065,WANGARA DC,WA,-31.7888,115.814
175,6065,WANNEROO,WA,-31.7572961,115.8064758
176,6065,TAPPING,WA,-31.7172114,115.7952533
177,6065,MARIGINIUP,WA,-31.7069105,115.8504592
178,6065,MADELEY,WA,-31.8132043,115.8275892
179,6065,LEXIA,WA,-31.7782554,115.9115029
180,6065,LANDSDALE,WA,-31.8042706,115.86174
181,6065,KINGSWAY,WA,-31.8131996,115.8485988
182,6065,JANDABUP,WA,-31.7368317,115.8532467
183,6065,HOCKING,WA,-31.7698267,115.8201204
184,6065,GNANGARA,WA,-31.7756709,115.8656825
185,6065,DARCH,WA,-31.8132291,115.8448339
186,6065,ASHBY,WA,-31.7331506,115.7993996
187,6066,BALLAJURA,WA,-31.836786,115.8935783
188,6067,CULLACABARDEE,WA,-31.8129911,115.9054062
189,6068,WHITEMAN,WA,-31.8224687,115.9349737
190,6069,UPPER SWAN,WA,-31.7731085,116.0277687
191,6069,THE VINES,WA,-31.7582783,116.0024569
192,6069,ELLENBROOK,WA,-31.7645555,116.005922
193,6069,ELLENBROOK EAST,WA,-31.7646,116.006
194,6069,BELHUS,WA,-31.7824137,116.0134402
195,6069,AVELEY,WA,-31.7775422,115.9864678
196,6069,BRIGADOON,WA,-31.7798811,116.0828251
197,6070,DARLINGTON,WA,-31.9226334,116.0827607
198,6071,GLEN FORREST,WA,-31.910937,116.1042495
199,6071,HOVEA,WA,-31.8757092,116.112542
200,6072,MAHOGANY CREEK,WA,-31.9142343,116.1329888
201,6073,MUNDARING DC,WA,-31.9012,116.167
202,6073,MUNDARING,WA,-31.9256022,116.165484
203,6073,MUNDARING WEIR,WA,-31.9256,116.165
204,6074,SAWYERS VALLEY,WA,-31.9747933,116.2540856
205,6076,PIESSE BROOK,WA,-31.9755528,116.0732912
206,6076,RESERVOIR,WA,-31.9987606,116.182214
207,6076,PICKERING BROOK,WA,-32.0501173,116.1958784
208,6076,WALLISTON DC,WA,-31.994,116.072
209,6076,WALLISTON,WA,-31.9996083,116.0722425
210,6076,PAULLS VALLEY,WA,-31.9550113,116.1112223
211,6076,GOOSEBERRY HILL,WA,-31.9554445,116.0511246
212,6076,KALAMUNDA,WA,-31.9755983,116.0565936
213,6076,HACKETTS GULLY,WA,-31.9810162,116.1031243
214,6076,CARMEL,WA,-32.0189524,116.0740776
215,6076,BICKLEY,WA,-32.0033783,116.0904378
216,6076,LESMURDIE,WA,-32.0131773,116.0381059
217,6077,GNANGARA,WA,-31.7757,115.866
218,6077,JANDABUP,WA,-31.753,115.864
219,6078,MARIGINIUP,WA,-31.7069,115.85
220,6078,PINJAR,WA,-31.6207,115.821
221,6079,LEXIA,WA,-31.7783,115.912
222,6079,MELALEUCA,WA,-31.7416,115.928
223,6081,STONEVILLE,WA,-31.8771055,116.1705079
224,6081,PARKERVILLE,WA,-31.8753082,116.1386395
225,6082,BAILUP,WA,-31.7586682,116.3083941
226,6082,MOUNT HELENA,WA,-31.8780386,116.2105782
227,6083,GIDGEGANNUP,WA,-31.7930685,116.1965988
228,6083,MORANGUP,WA,-31.6120269,116.3323997
229,6084,AVON VALLEY NATIONAL PARK,WA,-31.626952,116.1876214
230,6084,BULLSBROOK,WA,-31.6553638,115.9977351
231,6084,CHITTERING,WA,-31.4688825,116.050429
232,6084,LOWER CHITTERING,WA,-31.5606185,116.0826746
233,6084,WALYUNGA NATIONAL PARK,WA,-31.727634,116.0709096
234,6090,MALAGA,WA,-31.8600127,115.8965353
235,6100,LATHLAIN,WA,-31.967897,115.9081062
236,6100,VICTORIA PARK,WA,-31.9750418,115.8977211
237,6100,BURSWOOD,WA,-31.9633074,115.8967553
238,6101,CARLISLE,WA,-31.9786278,115.9171073
239,6101,CARLISLE NORTH,WA,-31.9786278,115.9171073
240,6101,CARLISLE SOUTH,WA,-31.9786278,115.9171073
241,6101,EAST VICTORIA PARK,WA,-31.9846562,115.9083631
242,6102,BENTLEY,WA,-32.0041058,115.8964003
243,6102,BENTLEY DC,WA,-31.9924,115.889
244,6102,BENTLEY SOUTH,WA,-32.0041058,115.8964003
245,6102,ST JAMES,WA,-31.9961703,115.9143617
246,6103,RIVERVALE,WA,-31.9608819,115.9201904
247,6104,ASCOT,WA,-31.9354582,115.9297299
248,6104,BELMONT,WA,-31.953847,115.9261098
249,6104,REDCLIFFE,WA,-31.9381761,115.9435503
250,6105,PERTH AIRPORT,WA,-31.9657302,115.9586253
251,6105,KEWDALE,WA,-31.9797348,115.9596253
252,6105,CLOVERDALE,WA,-31.9624535,115.9447259
253,6106,WELSHPOOL,WA,-31.991505,115.9497562
254,6106,WELSHPOOL DC,WA,-31.9891,115.945
255,6107,BECKENHAM,WA,-32.0275041,115.949352
256,6107,CANNINGTON,WA,-32.0178684,115.9346654
257,6107,EAST CANNINGTON,WA,-32.0056699,115.9633174
258,6107,KENWICK,WA,-32.0331924,115.9821613
259,6107,QUEENS PARK,WA,-32.0042449,115.9423037
260,6107,WATTLE GROVE,WA,-32.008154,115.9970025
261,6107,WILSON,WA,-32.0196984,115.9116119
262,6108,THORNLIE,WA,-32.0570426,115.9527126
263,6109,MADDINGTON,WA,-32.0502858,115.9844929
264,6109,ORANGE GROVE,WA,-32.0315515,116.0219405
265,6110,SOUTHERN RIVER,WA,-32.1047229,115.9594374
266,6110,MARTIN,WA,-32.0789071,116.0621898
267,6110,GOSNELLS,WA,-32.0823022,115.9902668
268,6110,HUNTINGDALE,WA,-32.0866604,115.9670872
269,6111,ASHENDON,WA,-32.2116834,116.190839
270,6111,CAMILLO,WA,-32.1122,116.004
271,6111,CANNING MILLS,WA,-32.0710842,116.1049672
272,6111,CHAMPION LAKES,WA,-32.1171178,115.9860294
273,6111,KARRAGULLEN,WA,-32.1003757,116.1168079
274,6111,KELMSCOTT,WA,-32.1144179,116.0148177
275,6111,KELMSCOTT DC,WA,-32.1299,116.007
276,6111,LESLEY,WA,-32.1054,116.194
277,6111,ROLEYSTONE,WA,-32.1257607,116.0615683
278,6111,WESTFIELD,WA,-32.1121511,116.0043346
279,6112,BEDFORDALE,WA,-32.1496111,116.054328
280,6112,PIARA WATERS,WA,-32.1247,115.918
281,6112,MOUNT RICHON,WA,-32.1599589,116.0206116
282,6112,MOUNT NASURA,WA,-32.1401592,116.0257044
283,6112,HILBERT,WA,-32.1776,115.983
284,6112,ARMADALE,WA,-32.1473012,116.0128764
285,6112,HARRISDALE,WA,-32.1176,115.932
286,6112,FORRESTDALE,WA,-32.1477898,115.9369583
287,6112,BROOKDALE,WA,-32.1689832,116.0040377
288,6112,SEVILLE GROVE,WA,-32.1360031,115.9907343
289,6112,HAYNES,WA,-32.1528,115.975
290,6112,WUNGONG,WA,-32.1819203,116.0039586
291,6121,OLDBURY,WA,-32.2544608,115.9070305
292,6121,OAKFORD,WA,-32.2043324,115.9241645
293,6122,DARLING DOWNS,WA,-32.1967124,115.9866015
294,6122,KARRAKUP,WA,-32.2470163,116.0560393
295,6122,BYFORD,WA,-32.2217191,116.0088444
296,6122,CARDUP,WA,-32.2566391,115.9809995
297,6123,MUNDIJONG,WA,-32.2995985,115.9845718
298,6123,WHITBY,WA,-32.2826704,115.9964649
299,6124,JARRAHDALE,WA,-32.3759261,116.1595761
300,6125,HOPELAND,WA,-32.3642829,115.9092153
301,6125,MARDELLA,WA,-32.3342254,115.9648863
302,6125,SERPENTINE,WA,-32.3616954,115.9767794
303,6126,KEYSBROOK,WA,-32.4363721,116.0295671
304,6147,LANGFORD,WA,-32.0397928,115.9484249
305,6147,LYNWOOD,WA,-32.0402295,115.9320611
306,6147,PARKWOOD,WA,-32.0467714,115.9126767
307,6148,ROSSMOYNE,WA,-32.0386354,115.8677123
308,6148,SHELLEY,WA,-32.0278545,115.8895276
309,6148,FERNDALE,WA,-32.0307555,115.9253485
310,6148,RIVERTON,WA,-32.0338297,115.8931741
311,6149,BULL CREEK,WA,-32.0565965,115.864873
312,6149,LEEMING,WA,-32.0796241,115.8656562
313,6150,BATEMAN,WA,-32.0595826,115.8443778
314,6150,MURDOCH,WA,-32.0699,115.8425954
315,6150,WINTHROP,WA,-32.0517894,115.8297179
316,6151,SOUTH PERTH ANGELO ST,WA,-31.980744,115.8628277
317,6151,SOUTH PERTH,WA,-31.9809515,115.8639168
318,6151,KENSINGTON,WA,-31.9830523,115.8829593
319,6152,COMO,WA,-32.0010903,115.8617166
320,6152,KARAWARA,WA,-32.0095347,115.8806461
321,6152,MANNING,WA,-32.011671,115.8688603
322,6152,SALTER POINT,WA,-32.0211363,115.8628207
323,6152,WATERFORD,WA,-32.0144555,115.8896583
324,6153,MOUNT PLEASANT,WA,-32.0248016,115.8484937
325,6153,CANNING BRIDGE APPLECROSS,WA,-32.0107,115.854
326,6153,BRENTWOOD,WA,-32.0427611,115.8480251
327,6153,APPLECROSS NORTH,WA,-32.0116,115.839
328,6153,APPLECROSS,WA,-32.0116062,115.8387269
329,6153,ARDROSS,WA,-32.0221019,115.8353491
330,6154,ALFRED COVE,WA,-32.0318604,115.8181396
331,6154,BOORAGOON,WA,-32.0363985,115.8379711
332,6154,MYAREE,WA,-32.0399796,115.8156494
333,6155,CANNING VALE,WA,-32.0888848,115.9178123
334,6155,CANNING VALE DC,WA,-32.0582,115.918
335,6155,CANNING VALE SOUTH,WA,-32.0908863,115.919397
336,6155,WILLETTON,WA,-32.0487802,115.8921493
337,6156,ATTADALE,WA,-32.0248597,115.7996837
338,6156,MELVILLE,WA,-32.0414618,115.8034715
339,6156,WILLAGEE,WA,-32.0524713,115.8022559
340,6156,WILLAGEE CENTRAL,WA,-32.0524713,115.8022559
341,6157,PALMYRA DC,WA,-32.0516,115.791
342,6157,PALMYRA,WA,-32.0458365,115.7847126
343,6157,BICTON,WA,-32.0300552,115.7845012
344,6158,EAST FREMANTLE,WA,-32.0367504,115.7663951
345,6159,NORTH FREMANTLE,WA,-32.0353019,115.7486438
346,6160,FREMANTLE,WA,-32.0539328,115.7604781
347,6161,ROTTNEST ISLAND,WA,-32.0035186,115.5148137
348,6162,BEACONSFIELD,WA,-32.067218,115.7706321
349,6162,SOUTH FREMANTLE,WA,-32.0677891,115.7525478
350,6162,WHITE GUM VALLEY,WA,-32.0613542,115.7682039
351,6163,NORTH LAKE,WA,-32.0789699,115.8218528
352,6163,SPEARWOOD,WA,-32.1025261,115.7826359
353,6163,SAMSON,WA,-32.0722698,115.7995497
354,6163,O'CONNOR,WA,-32.060241,115.793698
355,6163,Oâ€™CONNOR,WA,0.0,0.0
356,6163,KARDINYA,WA,-32.0687062,115.8148921
357,6163,HILTON,WA,-32.0702,115.784
358,6163,NORTH COOGEE,WA,-32.1025,115.763
359,6163,HAMILTON HILL,WA,-32.0860323,115.7764909
360,6163,COOLBELLUP,WA,-32.0834068,115.806858
361,6163,BIBRA LAKE DC,WA,-32.0977,115.8
362,6163,BIBRA LAKE,WA,-32.1022549,115.8240324
363,6164,YANGEBUP,WA,-32.1218097,115.8082495
364,6164,SUCCESS,WA,-32.1536587,115.8463549
365,6164,SOUTH LAKE,WA,-32.1041036,115.8402587
366,6164,JANDAKOT,WA,-32.1071414,115.8598559
367,6164,HAMMOND PARK,WA,-32.1684435,115.8494387
368,6164,TREEBY,WA,-32.1218,115.895
369,6164,BEELIAR,WA,-32.1312555,115.8115536
370,6164,BANJUP,WA,-32.1570175,115.8890062
371,6164,AUBIN GROVE,WA,-32.1683982,115.8611445
372,6164,ATWELL,WA,-32.1460122,115.8651336
373,6164,COCKBURN CENTRAL,WA,-32.1213274,115.848442
374,6165,HOPE VALLEY,WA,-32.200778,115.8057319
375,6165,NAVAL BASE,WA,-32.1987547,115.7823791
376,6166,WATTLEUP,WA,-32.1771063,115.8031196
377,6166,MUNSTER,WA,-32.1509366,115.8113086
378,6166,HENDERSON,WA,-32.1457636,115.7785857
379,6166,COOGEE,WA,-32.116126,115.7657929
380,6166,LAKE COOGEE,WA,-32.128,115.786
381,6167,ORELIA,WA,-32.2350267,115.8208189
382,6167,WANDI,WA,-32.1928515,115.8807112
383,6167,THE SPECTACLES,WA,-32.2288727,115.8464234
384,6167,POSTANS,WA,-32.2206146,115.8109929
385,6167,PARMELIA,WA,-32.2500689,115.8256616
386,6167,MEDINA,WA,-32.2362727,115.8053718
387,6167,KWINANA TOWN CENTRE,WA,-32.2476388,115.8135235
388,6167,KWINANA BEACH,WA,-32.2260862,115.7763846
389,6167,CASUARINA,WA,-32.2375879,115.8745816
390,6167,CALISTA,WA,-32.2471167,115.8065532
391,6167,BERTRAM,WA,-32.2475354,115.8476642
392,6167,ANKETELL,WA,-32.2179086,115.8593099
393,6167,MANDOGALUP,WA,-32.1935634,115.8421987
394,6168,ROCKINGHAM DC,WA,-32.2751,115.772
395,6168,ROCKINGHAM,WA,-32.2780954,115.7351403
396,6168,PERON,WA,-32.2749875,115.700356
397,6168,ROCKINGHAM BEACH,WA,-32.2676646,115.7396753
398,6168,GARDEN ISLAND,WA,-32.2043254,115.6776274
399,6168,EAST ROCKINGHAM,WA,-32.2585792,115.763715
400,6168,COOLOONGUP,WA,-32.2945848,115.7629192
401,6168,HILLMAN,WA,-32.2828886,115.7630414
402,6169,SAFETY BAY,WA,-32.3100675,115.7319024
403,6169,SHOALWATER,WA,-32.2933662,115.7107698
404,6169,WAIKIKI,WA,-32.3154566,115.7530195
405,6169,WARNBRO,WA,-32.3367629,115.7594984
406,6170,LEDA,WA,-32.271548,115.8018223
407,6170,WELLARD,WA,-32.2632658,115.8629069
408,6171,BALDIVIS,WA,-32.3222184,115.8285153
409,6172,PORT KENNEDY,WA,-32.3760083,115.7516025
410,6173,SECRET HARBOUR,WA,-32.4051251,115.7634366
411,6174,GOLDEN BAY,WA,-32.4262528,115.7634366
412,6175,SINGLETON,WA,-32.4466752,115.754561
413,6176,KARNUP,WA,-32.4250674,115.7930198
414,6180,PARKLANDS,WA,-32.4970306,115.7682565
415,6180,LAKELANDS,WA,-32.4727097,115.7707088
416,6181,STAKE HILL,WA,-32.4924,115.799
417,6182,KERALUP,WA,-32.4358,115.84
418,6207,MYARA,WA,-32.47481,116.0566443
419,6207,NAMBEELUP,WA,-32.5110703,115.8429406
420,6207,NORTH DANDALUP,WA,-32.5197951,115.9666707
421,6207,SOLUS,WA,-32.4838971,116.1223336
422,6207,WHITTAKER,WA,-32.5477651,116.0086712
423,6208,WEST PINJARRA,WA,-32.6416137,115.8086972
424,6208,SOUTH YUNDERUP,WA,-32.5857857,115.7866992
425,6208,POINT GREY,WA,-32.6545157,115.685964
426,6208,PINJARRA,WA,-32.6270114,115.8788766
427,6208,OAKLEY,WA,-32.6436059,115.9442617
428,6208,RAVENSWOOD,WA,-32.5782295,115.875382
429,6208,NIRIMBA,WA,-32.6662634,115.7481217
430,6208,MEELON,WA,-32.6927949,115.9399274
431,6208,FAIRBRIDGE,WA,-32.5830615,115.9346237
432,6208,BLYTHEWOOD,WA,-32.6756161,115.8618763
433,6208,NORTH YUNDERUP,WA,-32.5759089,115.7918867
434,6209,BARRAGUP,WA,-32.5502,115.796
435,6209,FURNISSDALE,WA,-32.5606136,115.7726581
436,6210,MANDURAH,WA,-32.5461633,115.7220148
437,6210,MANDURAH DC,WA,-32.5346,115.729
438,6210,MANDURAH EAST,WA,-32.5461633,115.7220148
439,6210,MANDURAH NORTH,WA,-32.5147018,115.7403717
440,6210,MEADOW SPRINGS,WA,-32.4993799,115.7604584
441,6210,SILVER SANDS,WA,-32.5109012,115.7349074
442,6210,SAN REMO,WA,-32.4901849,115.7447909
443,6210,STAKE HILL,WA,-32.4661,115.798
444,6210,WANNANUP,WA,-32.5977355,115.6482628
445,6210,MADORA BAY,WA,-32.4737944,115.7506495
446,6210,PARKLANDS,WA,-32.497,115.768
447,6210,LAKELANDS,WA,-32.4727,115.771
448,6210,ERSKINE,WA,-32.5590052,115.6944435
449,6210,HALLS HEAD,WA,-32.536315,115.715176
450,6210,BARRAGUP,WA,-32.5502,115.796
451,6210,HERRON,WA,-32.7549,115.671
452,6210,CLIFTON,WA,-32.7655,115.64
453,6210,CLIFTON,WA,-32.7654701,115.639617
454,6210,COODANUP,WA,-32.5568672,115.7480678
455,6210,BOUVARD,WA,-32.6898,115.64
456,6210,DUDLEY PARK,WA,-32.549201,115.7321918
457,6210,FALCON,WA,-32.58828,115.6561653
458,6210,FURNISSDALE,WA,-32.5606,115.773
459,6210,GREENFIELDS,WA,-32.5286535,115.7646283
460,6210,DAWESVILLE,WA,-32.6346,115.634
461,6211,BOUVARD,WA,-32.6897683,115.639716
462,6211,DAWESVILLE,WA,-32.634571,115.6338419
463,6211,HERRON,WA,-32.7549399,115.6708607
464,6213,MARRINUP,WA,-32.6542482,116.015592
465,6213,BANKSIADALE,WA,-32.5959844,116.092028
466,6213,DWELLINGUP,WA,-32.7142537,116.0664969
467,6213,ETMILYN,WA,-32.7462421,116.1326885
468,6213,HOLYOAKE,WA,-32.6986651,116.068417
469,6213,INGLEHOPE,WA,-32.7593084,116.1929573
470,6213,TEESDALE,WA,-32.7365144,116.005922
471,6214,COOLUP,WA,-32.7399759,115.8745458
472,6214,BIRCHMONT,WA,-32.715959,115.7148125
473,6214,WEST COOLUP,WA,-32.7399759,115.8745458
474,6215,WAGERUP,WA,-32.926333,115.9029793
475,6215,PRESTON BEACH,WA,-32.8775888,115.6741375
476,6215,WAROONA,WA,-32.8430024,115.8526271
477,6215,LAKE CLIFTON,WA,-32.8843289,115.7131185
478,6215,HAMEL,WA,-32.8680001,115.9014735
479,6215,NANGA BROOK,WA,-32.8456306,116.0608063
480,6218,YARLOOP,WA,-32.9571735,115.8640062
481,6220,COOKERNUP,WA,-33.0123479,115.8786267
482,6220,HARVEY,WA,-33.0823087,115.9056816
483,6220,HOFFMAN,WA,-33.084568,116.0910492
484,6220,MYALUP,WA,-33.0362799,115.7325728
485,6220,UDUC,WA,-33.0518256,115.803322
486,6220,WARAWARRUP,WA,-33.0521171,115.907683
487,6221,WOKALUP,WA,-33.1097662,115.871401
488,6221,MORNINGTON,WA,-33.1470232,115.9447252
489,6223,BENGER,WA,-33.1723075,115.8403461
490,6224,BEELA,WA,-33.2405428,115.8976033
491,6224,BRUNSWICK,WA,-33.2525333,115.8392541
492,6225,MUMBALLUP,WA,-33.5338898,116.1259207
493,6225,YOURDAMUNG LAKE,WA,-33.1705933,116.3116944
494,6225,WORSLEY,WA,-33.3205274,115.9802398
495,6225,PRESTON SETTLEMENT,WA,-33.4169318,116.158063
496,6225,PALMER,WA,-33.3046462,116.2407166
497,6225,NOGGERUP,WA,-33.6049445,116.1030142
498,6225,MUNGALUP,WA,-33.4163698,116.0819081
499,6225,MUJA,WA,-33.4411967,116.3297323
500,6225,SHOTTS,WA,-33.3757779,116.253429
501,6225,LYALLS MILL,WA,-33.4609905,116.1259177
502,6225,HARRIS RIVER,WA,-33.2650885,116.1455984
503,6225,COLLIE BURN,WA,-33.3940642,116.1902926
504,6225,COLLIE,WA,-33.3580672,116.1512211
505,6225,CARDIFF,WA,-33.4699756,116.2505827
506,6225,BUCKINGHAM,WA,-33.3533168,116.3437648
507,6225,MCALINDEN,WA,-33.5876045,116.3277826
508,6225,BOWELLING,WA,-33.4211999,116.4844458
509,6225,ALLANSON,WA,-33.328538,116.0864757
510,6226,ROELANDS,WA,-33.292782,115.8640062
511,6227,BUREKUP,WA,-33.3242404,115.816684
512,6228,WATERLOO,WA,-33.3347411,115.7693535
513,6229,PICTON,WA,-33.3506668,115.6963142
514,6229,PICTON EAST,WA,-33.3389774,115.7256972
515,6230,VITTORIA,WA,-33.3281523,115.6740532
516,6230,USHER,WA,-33.3769577,115.6297316
517,6230,SOUTH BUNBURY,WA,-33.3495455,115.6410724
518,6230,PELICAN POINT,WA,-33.3150454,115.6950363
519,6230,WITHERS,WA,-33.3653567,115.6376867
520,6230,GLEN IRIS,WA,-33.3398598,115.6798508
521,6230,DAVENPORT,WA,-33.3572134,115.6666509
522,6230,EAST BUNBURY,WA,-33.3403657,115.6546444
523,6230,DALYELLUP,WA,-33.4109357,115.6187156
524,6230,COLLEGE GROVE,WA,-33.3743917,115.6582728
525,6230,CAREY PARK,WA,-33.3593482,115.6530512
526,6230,BUNBURY,WA,-33.3209971,115.6383482
527,6230,GELORUP,WA,-33.4163587,115.641676
528,6231,BUNBURY,WA,-33.3209971,115.6383482
529,6232,MILLBRIDGE,WA,-33.307592,115.7341625
530,6232,EATON,WA,-33.3169618,115.7158531
531,6233,AUSTRALIND,WA,-33.2751211,115.7285263
532,6233,BINNINGUP,WA,-33.1357694,115.720616
533,6233,LESCHENAULT,WA,-33.2315844,115.7285068
534,6233,PARKFIELD,WA,-33.1757474,115.7169821
535,6233,WELLESLEY,WA,-33.2137353,115.7610239
536,6236,WELLINGTON FOREST,WA,-33.4339546,115.9460994
537,6236,WELLINGTON MILL,WA,-33.4651658,115.9101679
538,6236,HENTY,WA,-33.3790854,115.8094203
539,6236,PARADISE,WA,-33.3736616,115.7714392
540,6236,DARDANUP WEST,WA,-33.3979513,115.720775
541,6236,CROOKED BROOK,WA,-33.497899,115.8183078
542,6236,FERGUSON,WA,-33.4381,115.845
543,6236,DARDANUP,WA,-33.3979513,115.720775
544,6237,BOYANUP,WA,-33.4819735,115.7275486
545,6237,ELGIN,WA,-33.5356986,115.6320887
546,6237,GWINDINUP,WA,-33.5229044,115.7494172
547,6237,NORTH BOYANUP,WA,-33.4233251,115.706494
548,6237,STRATHAM,WA,-33.471373,115.5936594
549,6237,THE PLAINS,WA,-33.5749896,115.6893415
550,6239,QUEENWOOD,WA,-33.5426844,115.9012588
551,6239,YABBERUP,WA,-33.5377993,116.0075864
552,6239,UPPER CAPEL,WA,-33.5979405,115.8205899
553,6239,THOMSON BROOK,WA,-33.6296467,115.9636976
554,6239,GLEN MERVYN,WA,-33.5302379,116.0698593
555,6239,PAYNEDALE,WA,-33.6503314,115.7600447
556,6239,CHARLEY CREEK,WA,-33.5760201,115.9064721
557,6239,BROOKHAMPTON,WA,-33.610977,115.8718105
558,6239,BEELERUP,WA,-33.5434062,115.8539989
559,6239,ARGYLE,WA,-33.5392579,115.761524
560,6239,DONNYBROOK,WA,-33.5788408,115.8280053
561,6240,LOWDEN,WA,-33.5434759,115.9586253
562,6243,WILGA,WA,-33.7,116.233333
563,6243,WILGA WEST,WA,-33.704509,116.1365416
564,6244,TRIGWELL,WA,-33.6732,116.632
565,6244,TONEBRIDGE,WA,-34.2194524,116.6938065
566,6244,SCOTTS BROOK,WA,-33.9356366,116.6669873
567,6244,MAYANUP,WA,-33.9560527,116.4455763
568,6244,BOYUP BROOK,WA,-33.8294715,116.3841139
569,6244,DINNINUP,WA,-33.8129672,116.5426503
570,6244,CHOWERUP,WA,-34.083213,116.6974504
571,6244,KULIKUP,WA,-33.8075488,116.7133105
572,6251,NEWLANDS,WA,-33.6699137,115.8773987
573,6251,BRAZIER,WA,-33.7276796,115.8224846
574,6251,KIRUP,WA,-33.7096581,115.8938871
575,6252,MULLALYUP,WA,-33.7520336,115.9586253
576,6253,BALINGUP,WA,-33.7866128,115.9844338
577,6253,GRIMWADE,WA,-33.7006812,116.0518433
578,6253,SOUTHAMPTON,WA,-33.8449637,115.9214739
579,6254,GREENBUSHES,WA,-33.8567992,116.0532266
580,6254,NORTH GREENBUSHES,WA,-33.8182505,116.0548039
581,6255,KANGAROO GULLY,WA,-33.9598494,116.1831222
582,6255,WINNEJUP,WA,-33.9685007,116.3253792
583,6255,HESTER BROOK,WA,-33.9080816,116.1066663
584,6255,BRIDGETOWN,WA,-33.9582915,116.1381165
585,6255,CATTERICK,WA,-33.853563,116.1631314
586,6255,BENJINUP,WA,-33.7970213,116.2742488
587,6255,HESTER,WA,-33.9078256,116.1597364
588,6256,YORNUP,WA,-34.0554543,116.1697739
589,6256,WANDILLUP,WA,-34.0116106,116.0855344
590,6256,SUNNYSIDE,WA,-34.0269469,116.2521686
591,6256,KINGSTON,WA,-34.1274891,116.3918671
592,6256,GLENLYNN,WA,-34.0183717,116.152046
593,6256,MARANUP,WA,-33.9533768,116.0254198
594,6258,QUINNINUP,WA,-34.4335196,116.2222481
595,6258,NYAMUP,WA,-34.3288,116.306
596,6258,PALGARUP,WA,-34.1744319,116.1723378
597,6258,PERUP,WA,-34.297097,116.4554492
598,6258,RINGBARK,WA,-34.2066037,116.1152152
599,6258,MORDALUP,WA,-34.300865,116.664299
600,6258,YANMAH,WA,-34.1834866,116.0191084
601,6258,SMITH BROOK,WA,-34.3658174,116.2072358
602,6258,UPPER WARREN,WA,-34.3612066,116.281642
603,6258,WILGARRUP,WA,-34.1519439,116.1984451
604,6258,SHANNON RIVER MILL,WA,-34.8665,116.369
605,6258,MIDDLESEX,WA,-34.3192609,116.1638457
606,6258,DIAMOND TREE,WA,-34.3352889,116.1110881
607,6258,LINFARNE,WA,-34.1668611,116.1146107
608,6258,LAKE MUIR,WA,-34.4359292,116.503996
609,6258,JARDEE,WA,-34.318128,116.0626148
610,6258,GLENORAN,WA,-34.2294504,115.9547593
611,6258,DONNELLY RIVER,WA,-34.0807583,115.9700109
612,6258,DIXVALE,WA,-34.2063492,116.0550907
613,6258,DINGUP,WA,-34.2820648,116.2361495
614,6258,DEANMILL,WA,-34.2492365,116.0827328
615,6258,CROWEA,WA,-34.5463186,116.1494687
616,6258,BALBARRUP,WA,-34.2153243,116.2459919
617,6258,MANJIMUP,WA,-34.2491597,116.1437472
618,6260,YEAGARUP,WA,-34.485885,115.9380505
619,6260,PEMBERTON,WA,-34.4432694,116.0369383
620,6260,PEERABEELUP,WA,-34.3367372,115.7758149
621,6260,LAKE JASPER,WA,-34.4164286,115.6691709
622,6260,EASTBROOK,WA,-34.381563,116.0696261
623,6260,CHANNYBEARUP,WA,-34.4054831,115.9754814
624,6260,COLLINS,WA,-34.4635742,116.107483
625,6260,CALLCUP,WA,-34.5914327,115.9145384
626,6260,BIDDELIA,WA,-34.2347485,115.7035779
627,6260,BEEDELUP,WA,-34.3516391,115.9368428
628,6260,COLLINS SIDING,WA,-34.4636,116.107
629,6262,BOORARA BROOK,WA,-34.6761669,116.1786104
630,6262,CROWEA,WA,-34.5463,116.149
631,6262,MEERUP,WA,-34.6371204,116.084142
632,6262,NORTHCLIFFE,WA,-34.6331019,116.1241529
633,6262,SHANNON,WA,-34.7581493,116.3812792
634,6262,WINDY HARBOUR,WA,-34.8083969,116.0739774
635,6271,STIRLING ESTATE,WA,-33.4974078,115.5445901
636,6271,PEPPERMINT GROVE BEACH,WA,-33.52882,115.5062027
637,6271,CAPEL RIVER,WA,-33.6277367,115.6624271
638,6271,CAPEL,WA,-33.5426315,115.561707
639,6271,FORREST BEACH,WA,-33.5750171,115.4825679
640,6275,NANNUP,WA,-33.9821434,115.7680471
641,6275,BARRABUP,WA,-33.8830531,115.680131
642,6275,CARLOTTA,WA,-34.0942322,115.7796108
643,6275,CUNDINUP,WA,-33.8443581,115.7979924
644,6275,DARRADUP,WA,-34.0993941,115.5674804
645,6275,EAST NANNUP,WA,-34.0255526,115.7972032
646,6275,JALBARRAGUP,WA,-34.0395274,115.6193795
647,6275,JARRAHWOOD,WA,-33.7961886,115.6652821
648,6275,SCOTT RIVER EAST,WA,-34.2820306,115.4705736
649,6275,YOGANUP,WA,-33.7389113,115.5470234
650,6280,RUABON,WA,-33.6460928,115.5055227
651,6280,REINSCOURT,WA,-33.6501352,115.4030707
652,6280,YOONGARILLUP,WA,-33.7149688,115.4236061
653,6280,MARYBROOK,WA,-33.6743106,115.1922123
654,6280,METRICUP,WA,-33.8048708,115.1216425
655,6280,SABINA RIVER,WA,-33.7494812,115.4197986
656,6280,NORTH JINDONG,WA,-33.7298269,115.1992513
657,6280,SIESTA PARK,WA,-33.6552513,115.2239721
658,6280,WONNERUP,WA,-33.6181304,115.4221943
659,6280,VASSE,WA,-33.6741502,115.2529009
660,6280,WALSALL,WA,-33.7979585,115.3757103
661,6280,WEST BUSSELTON,WA,-33.6559792,115.3240634
662,6280,WILYABRUP,WA,-33.7711896,115.0342345
663,6280,YALYALUP,WA,-33.6652412,115.3860636
664,6280,YELVERTON,WA,-33.7502149,115.1126248
665,6280,TUTUNUP,WA,-33.6624027,115.5604663
666,6280,LUDLOW,WA,-33.6139384,115.4864838
667,6280,HITHERGREEN,WA,-33.7345532,115.4798011
668,6280,KALOORUP,WA,-33.7954431,115.2112829
669,6280,ABBA RIVER,WA,-33.6804813,115.5033322
670,6280,ABBEY,WA,-33.6612523,115.2594055
671,6280,ACTON PARK,WA,-33.7627753,115.3639505
672,6280,ANNIEBROOK,WA,-33.6649552,115.1695345
673,6280,BOALLIA,WA,-33.7741853,115.2686724
674,6280,BOVELL,WA,-33.6653198,115.3618834
675,6280,BROADWATER,WA,-33.6601732,115.2847104
676,6280,AMBERGATE,WA,-33.7085492,115.3260877
677,6280,CARBUNUP RIVER,WA,-33.705407,115.1854807
678,6280,BUSSELTON,WA,-33.6531584,115.3454892
679,6280,KALGUP,WA,0.0,0.0
680,6280,KALGUP,WA,-33.7267208,115.3608703
681,6280,KEALY,WA,-33.6712309,115.235639
682,6280,GEOGRAPHE,WA,-33.6376254,115.3765118
683,6280,CHAPMAN HILL,WA,-33.7954674,115.3285877
684,6280,JINDONG,WA,-33.7423496,115.2358615
685,6281,EAGLE BAY,WA,-33.5620514,115.062242
686,6281,NATURALISTE,WA,-33.5574545,115.037372
687,6281,QUEDJINUP,WA,-33.6377198,115.0899621
688,6281,QUINDALUP,WA,-33.6671203,115.1422897
689,6281,DUNSBOROUGH,WA,-33.6173965,115.1011093
690,6282,YALLINGUP,WA,-33.6726029,115.0308297
691,6282,YALLINGUP SIDING,WA,-33.6986358,115.1057556
692,6284,GRACETOWN,WA,-33.8641558,114.9882251
693,6284,TREETON,WA,-33.8469994,115.2075918
694,6284,COWARAMUP,WA,-33.8522062,115.1014191
695,6284,BAUDIN,WA,-33.8725326,115.4663438
696,6285,BRAMLEY,WA,-33.9158191,115.0826069
697,6285,BURNSIDE,WA,-33.9178456,115.0428367
698,6285,GNARABUP,WA,-33.9978372,114.9989911
699,6285,MARGARET RIVER,WA,-33.9610465,115.0767388
700,6285,OSMINGTON,WA,-33.9071304,115.2030489
701,6285,PREVELLY,WA,-33.9757418,114.9953413
702,6285,ROSA BROOK,WA,-33.9401686,115.1942347
703,6285,ROSA GLEN,WA,-34.0034292,115.2001974
704,6285,SCHROEDER,WA,-34.01488,115.3920338
705,6286,FOREST GROVE,WA,-34.0723477,115.1068885
706,6286,WITCHCLIFFE,WA,-34.0168479,115.0973175
707,6286,BORANUP,WA,-34.0808047,115.0155014
708,6286,REDGATE,WA,-34.0272248,115.0283597
709,6288,SCOTT RIVER,WA,-34.2832473,115.2700332
710,6288,ALEXANDRA BRIDGE,WA,-34.1604014,115.2027321
711,6288,COURTENAY,WA,-34.1839408,115.2704464
712,6288,HAMELIN BAY,WA,-34.2283311,115.0559483
713,6288,KARRIDALE,WA,-34.2038728,115.1402499
714,6288,NILLUP,WA,-34.1351083,115.2693404
715,6288,WARNER GLEN,WA,-34.1212289,115.2160218
716,6290,MOLLOY ISLAND,WA,-34.2698728,115.2100437
717,6290,LEEUWIN,WA,-34.3516871,115.1660467
718,6290,KUDARDUP,WA,-34.247481,115.1631087
719,6290,DEEPDENE,WA,-34.2707276,115.0999096
720,6290,AUGUSTA,WA,-34.3160497,115.1596985
721,6290,EAST AUGUSTA,WA,-34.3143305,115.172208
722,6302,BADGIN,WA,-31.8060152,116.9968752
723,6302,YORK,WA,-31.8934988,116.7681805
724,6302,WILBERFORCE,WA,-31.773297,116.7129452
725,6302,TALBOT WEST,WA,-32.1468819,116.6636686
726,6302,TALBOT,WA,-32.025267,116.6291942
727,6302,ST RONANS,WA,-31.8993798,116.6509659
728,6302,SAINT RONANS,WA,-31.8994,116.651
729,6302,QUELLINGTON,WA,-31.7844006,116.8379824
730,6302,NARRALOGGAN,WA,-31.881172,117.1002115
731,6302,MOUNT OBSERVATION,WA,-31.9424472,116.4942272
732,6302,MOUNT HARDEY,WA,-31.8997275,116.8581654
733,6302,KAURING,WA,-31.9453095,117.0087587
734,6302,MALEBELLING,WA,-31.8308981,116.9151831
735,6302,GWAMBYGINE,WA,-31.9734594,116.8092509
736,6302,GREENHILLS,WA,-31.9170678,116.9643007
737,6302,GILGERING,WA,-32.0474671,116.7886061
738,6302,FLYNN,WA,-32.0328797,116.4713553
739,6302,FLINT,WA,-32.232658,116.4376428
740,6302,DALIAK,WA,-31.8736051,116.7275336
741,6302,COLD HARBOUR,WA,-31.8784384,116.8408946
742,6302,CALJIE,WA,-31.7284778,116.9392218
743,6302,BURGES,WA,-31.831403,116.7613394
744,6302,BALLADONG,WA,-31.9272392,116.7395117
745,6302,INKPEN,WA,-31.8385888,116.583275
746,6304,MORBINNING,WA,-32.1106433,117.1587448
747,6304,WESTDALE,WA,-32.3097604,116.6074293
748,6304,KOKEBY,WA,-32.2119322,116.9744373
749,6304,DALE,WA,-32.2133382,116.7347246
750,6304,BEVERLEY,WA,-32.1098168,116.9228703
751,6304,BALLY BALLY,WA,-32.1843249,117.1163084
752,6304,EAST BEVERLEY,WA,-32.0249575,117.0328062
753,6306,ALDERSYDE,WA,-32.3170323,117.2755773
754,6306,BROOKTON,WA,-32.3663549,117.0075862
755,6306,BULYEE,WA,-32.3342803,117.5101082
756,6306,JELCOBINE,WA,-32.3975169,116.8191552
757,6306,KWEDA,WA,-32.3358839,117.3648673
758,6308,HASTINGS,WA,-32.5596104,116.7978346
759,6308,WEST PINGELLY,WA,-32.5327744,117.0840707
760,6308,WANDERING,WA,-32.6773523,116.6733738
761,6308,SPRINGS,WA,-32.5813043,116.5391639
762,6308,PUMPHREYS BRIDGE,WA,-32.6668004,116.9073783
763,6308,EAST PINGELLY,WA,-32.5279996,117.272718
764,6308,GILLIMANNING,WA,-32.653945,117.421381
765,6308,DWARDA,WA,-32.7684106,116.6794351
766,6308,CODJATOTINE,WA,-32.6602283,116.8263511
767,6308,PINGELLY,WA,-32.5327744,117.0840707
768,6309,STRATHERNE,WA,-32.6600919,117.3498955
769,6309,EAST POPANYINNING,WA,-32.6333259,117.2911289
770,6309,POPANYINNING,WA,-32.6626009,117.1238881
771,6309,WEST POPANYINNING,WA,-32.6808043,116.991467
772,6311,TOWNSENDALE,WA,-32.7106591,117.2791513
773,6311,WARDERING,WA,-32.8242769,117.2980987
774,6311,LOL GRAY,WA,-32.734278,116.9893483
775,6311,YORNANING,WA,-32.7420133,117.163622
776,6311,CUBALLING,WA,-32.8188763,117.1791805
777,6311,CONTINE,WA,-32.8301092,116.9885169
778,6311,COMMODINE,WA,-32.772637,117.3211902
779,6311,DRYANDRA,WA,-32.7768685,116.9711045
780,6312,YILLIMINNING,WA,-32.8719095,117.4167479
781,6312,TOOLIBIN,WA,-32.9152111,117.6568694
782,6312,NOMANS LAKE,WA,-33.0111256,117.5017142
783,6312,NARROGIN VALLEY,WA,-32.9408111,117.218017
784,6312,BOUNDAIN,WA,-32.9465954,117.3884025
785,6312,MINIGIN,WA,-32.9523365,117.058917
786,6312,HILLSIDE,WA,-32.9210531,117.1853639
787,6312,DUMBERNING,WA,-32.9792699,117.1563126
788,6312,NARROGIN,WA,-32.9311967,117.1785277
789,6313,HIGHBURY,WA,-33.0763386,117.2205771
790,6315,WEDGECARRUP,WA,-33.4210511,117.1840002
791,6315,WAGIN,WA,-33.3109317,117.3461733
792,6315,PIESSEVILLE,WA,-33.1922284,117.2869753
793,6315,MINDING,WA,-33.2827354,117.196813
794,6315,LIME LAKE,WA,-33.4159888,117.3722706
795,6315,JALORAN,WA,-33.1730474,117.4286518
796,6315,DONGOLOCKING,WA,-33.145405,117.7686677
797,6315,COLLANILLING,WA,-33.2288614,117.5426262
798,6315,CANCANNING,WA,-33.111896,117.5219734
799,6315,BALLAYING,WA,-33.3547576,117.5944039
800,6315,ARTHUR RIVER,WA,-33.3454359,117.0369388
801,6315,GUNDARING,WA,-33.3166113,117.4958551
802,6316,WESTWOOD,WA,-33.5633851,117.327326
803,6316,KENMARE,WA,-33.564728,117.2261049
804,6316,WOODANILLING,WA,-33.5634041,117.4311143
805,6316,CARTMETICUP,WA,-33.4834508,117.5098148
806,6316,BOYERINE,WA,-33.4752835,117.4015749
807,6316,GLENCOE,WA,-33.4671397,117.6328456
808,6317,SOUTH GLENCOE,WA,-33.5283338,117.6562217
809,6317,SOUTH DATATINE,WA,-33.4976545,117.8747282
810,6317,PINWERNYING,WA,-33.6660433,117.5401169
811,6317,MURDONG,WA,-33.7462723,117.5962929
812,6317,MOOJEBING,WA,-33.6114812,117.5508026
813,6317,MARRACOONDA,WA,-33.6714453,117.464135
814,6317,KATANNING,WA,-33.6893674,117.555118
815,6317,COYRECUP,WA,-33.6613831,117.8384016
816,6317,DATATINE,WA,-33.4256725,117.8629026
817,6317,EWLYAMARTUP,WA,-33.6921921,117.6881109
818,6317,COBLININE,WA,-33.6146811,117.6970453
819,6317,CARROLUP,WA,-33.7586135,117.3683574
820,6317,BULLOCK HILLS,WA,-33.4079149,117.7038897
821,6317,BADGEBUP,WA,-33.633502,117.8986518
822,6318,BROOMEHILL WEST,WA,-33.8790978,117.5550135
823,6318,BROOMEHILL VILLAGE,WA,-33.8447,117.64
824,6318,BROOMEHILL,WA,-33.8446793,117.6395659
825,6318,BROOMEHILL EAST,WA,-33.8881709,117.6968526
826,6320,BOBALONG,WA,-34.0095385,117.6255648
827,6320,DARTNALL,WA,-34.0225272,117.7660176
828,6320,LAKE TOOLBRUNUP,WA,-34.1304386,117.8999763
829,6320,MOONIES HILL,WA,-34.0934033,117.5383289
830,6320,TAMBELLUP,WA,-34.0409469,117.6393234
831,6320,WANSBROUGH,WA,-34.1427916,117.6736287
832,6320,BORDERDALE,WA,-34.0371201,117.4249228
833,6321,CRANBROOK,WA,-34.2500507,117.5026174
834,6322,TENTERDEN,WA,-34.4108131,117.4321452
835,6323,KENDENUP,WA,-34.458602,117.5730639
836,6324,PORONGURUP,WA,-34.6594667,117.8946581
837,6324,WOOGENELLUP,WA,-34.5240887,117.8789491
838,6324,TAKALARUP,WA,-34.5477244,118.1015984
839,6324,SOUTH STIRLING,WA,-34.6180885,118.2565786
840,6324,PERILLUP,WA,-34.5708081,117.2324445
841,6324,FOREST HILL,WA,-34.6154064,117.4422799
842,6324,DENBARKER,WA,-34.696526,117.4641637
843,6324,MOUNT BARKER,WA,-34.6307547,117.6653555
844,6326,NARRIKUP,WA,-34.777437,117.6904167
845,6327,REDMOND,WA,-34.8877821,117.6927835
846,6327,REDMOND WEST,WA,-34.8469358,117.5887214
847,6328,WELLSTEAD,WA,-34.495249,118.6014552
848,6328,PALMDALE,WA,-34.6879321,118.153172
849,6328,MANYPEAKS,WA,-34.8382801,118.1729805
850,6328,KOJANEERUP SOUTH,WA,-34.5030856,118.3731355
851,6328,METTLER,WA,-34.5694757,118.5872172
852,6328,GNOWELLEN,WA,-34.3920768,118.5712425
853,6328,CHEYNES,WA,-34.8240536,118.3285514
854,6328,CAPE RICHE,WA,-34.6167,118.767
855,6328,GREEN RANGE,WA,-34.7131082,118.3206249
856,6330,PORT ALBANY,WA,-35.0303958,117.8979171
857,6330,MIRA MAR,WA,-35.0147143,117.9026015
858,6330,MOUNT CLARENCE,WA,-35.0199652,117.8987534
859,6330,MOUNT ELPHINSTONE,WA,-35.0225184,117.8594802
860,6330,MOUNT MELVILLE,WA,-35.0141437,117.8698638
861,6330,NANARUP,WA,-34.9934904,118.0458319
862,6330,MILPARA,WA,-34.9868038,117.8622751
863,6330,NAPIER,WA,-34.7878854,117.9544574
864,6330,NULLAKI,WA,-35.0199618,117.3923426
865,6330,ORANA,WA,-34.9919315,117.8563082
866,6330,ROBINSON,WA,-35.033151,117.8316305
867,6330,WALMSLEY,WA,-34.9826631,117.9129345
868,6330,SEPPINGS,WA,-35.0078683,117.9112971
869,6330,SPENCER PARK,WA,-35.0083292,117.8963194
870,6330,TORBAY,WA,-34.9830361,117.6449946
871,6330,TORNDIRRUP,WA,-35.0556553,117.8514627
872,6330,MILLBROOK,WA,-34.9192822,117.8768922
873,6330,WARRENUP,WA,-34.9757354,117.8472969
874,6330,WEST CAPE HOWE,WA,-35.1072199,117.6165043
875,6330,WILLYUNG,WA,-34.9391349,117.8578233
876,6330,YAKAMIA,WA,-35.000163,117.8822624
877,6330,YOUNGS SIDING,WA,-35.0011331,117.516296
878,6330,SANDPATCH,WA,-35.0565939,117.7816412
879,6330,MIDDLETON BEACH,WA,-35.0227836,117.9089793
880,6330,VANCOUVER PENINSULA,WA,-35.0598559,117.9306259
881,6330,MARBELUP,WA,-34.9852323,117.7243895
882,6330,ALBANY,WA,-35.0269344,117.8837206
883,6330,BAYONET HEAD,WA,-34.9751413,117.937744
884,6330,BIG GROVE,WA,-35.084259,117.8833993
885,6330,BORNHOLM,WA,-35.0462719,117.5810553
886,6330,CENTENNIAL PARK,WA,-35.0155,117.885
887,6330,COLLINGWOOD HEIGHTS,WA,-34.9987841,117.9168374
888,6330,MCKAIL,WA,-34.9851022,117.8310134
889,6330,CUTHBERT,WA,-35.0160198,117.7930974
890,6330,DROME,WA,-34.9244658,117.7920645
891,6330,ELLEKER,WA,-35.0080012,117.7264529
892,6330,EMU POINT,WA,-34.9977653,117.9383683
893,6330,COLLINGWOOD PARK,WA,-35.006859,117.9220854
894,6330,GLEDHOW,WA,-35.0078958,117.8279544
895,6330,FRENCHMAN BAY,WA,-35.0943154,117.9496472
896,6330,LOWLANDS,WA,-35.0628764,117.5258356
897,6330,LOWER KING,WA,-34.9537938,117.9357201
898,6330,LITTLE GROVE,WA,-35.0682473,117.8701361
899,6330,LANGE,WA,-34.991564,117.8927519
900,6330,LOCKYER,WA,-35.0053326,117.8568707
901,6330,KING RIVER,WA,-34.9319793,117.9125956
902,6330,KALGAN,WA,-34.894752,118.0005189
903,6330,GREEN VALLEY,WA,-34.8780946,117.8194197
904,6330,GOODE BEACH,WA,-35.0861713,117.9287561
905,6330,KRONKUP,WA,-35.0384256,117.6225754
906,6331,ALBANY DC,WA,-35.0269,117.884
907,6332,ALBANY,WA,-35.0269344,117.8837206
908,6332,ALBANY PO,WA,-35.0269,117.884
909,6333,PEACEFUL BAY,WA,-35.0385926,116.9227179
910,6333,PARRYVILLE,WA,-34.9918298,117.1101658
911,6333,SCOTSDALE,WA,-34.9136344,117.2529523
912,6333,WILLIAM BAY,WA,-34.9866288,117.2088167
913,6333,TINGLEDALE,WA,-34.9568762,116.8888967
914,6333,TRENT,WA,-34.8202228,116.9356445
915,6333,SHADFORTH,WA,-34.9613213,117.2785494
916,6333,NORNALUP,WA,-35.0087601,116.8320373
917,6333,OCEAN BEACH,WA,-35.0071469,117.3264531
918,6333,MOUNT LINDSAY,WA,-34.8227,117.421
919,6333,BOW BRIDGE,WA,-34.9677414,116.9766657
920,6333,DENMARK,WA,-34.9617565,117.35065
921,6333,HAY,WA,-34.9601262,117.4005846
922,6333,MOUNT ROMANCE,WA,-34.8352989,117.08174
923,6333,KENTDALE,WA,-34.9459065,117.0525079
924,6333,KORDABUP,WA,-34.9120951,117.1246366
925,6333,MOUNT LINDESAY,WA,-34.8129362,117.3471412
926,6333,HAZELVALE,WA,-34.9272937,116.8533703
927,6335,GNOWANGERUP,WA,-33.9372566,118.0078355
928,6335,KEBARINGUP,WA,-34.0214969,118.1402018
929,6335,PALLINUP,WA,-33.9838321,117.9360381
930,6335,JACKITUP,WA,-33.9055919,118.0982018
931,6336,COWALELLUP,WA,-34.09517,118.5557148
932,6336,MILLS LAKE,WA,-33.8315089,118.5331038
933,6336,MINDARABIN,WA,-33.9034964,118.3644875
934,6336,NEEDILUP,WA,-33.9530356,118.7720432
935,6336,ONGERUP,WA,-33.9659586,118.4854838
936,6336,TOOMPUP,WA,-34.061105,118.3599915
937,6337,WEST FITZGERALD,WA,-33.8036359,119.327742
938,6337,JERRAMUNGUP,WA,-33.9420941,118.9184313
939,6337,GAIRDNER,WA,-34.203709,118.9380466
940,6337,FITZGERALD,WA,-33.7474237,119.45786
941,6337,JACUP,WA,-33.8469442,119.2114675
942,6338,STIRLING RANGE NATIONAL PARK,WA,-34.4006165,118.1039074
943,6338,NALYERLUP,WA,-34.1446418,118.4102329
944,6338,MONJEBUP,WA,-34.2927151,118.5457529
945,6338,MAGITUP,WA,-34.1345512,118.161138
946,6338,NORTH STIRLINGS,WA,-34.2480047,118.0731391
947,6338,BOXWOOD HILL,WA,-34.3660293,118.7502892
948,6338,BORDEN,WA,-34.0723096,118.262174
949,6338,AMELUP,WA,-34.2528992,118.2158893
950,6338,BREMER BAY,WA,-34.3978526,119.1896917
951,6341,NYABING,WA,-33.6254623,118.2058768
952,6343,PINGRUP,WA,-33.5438705,118.8596804
953,6346,FITZGERALD RIVER NATIONAL PARK,WA,-33.9874775,119.5023763
954,6346,JERDACUTTUP,WA,-33.7770036,120.4529966
955,6346,RAVENSTHORPE,WA,-33.5817611,120.0470203
956,6346,WEST RIVER,WA,-33.4891953,119.6427322
957,6348,HOPETOUN,WA,-33.8539054,120.0202964
958,6350,NIPPERING,WA,-33.2534593,117.6979106
959,6350,NAIRIBIN,WA,-33.3365031,117.9428066
960,6350,DUMBLEYUNG,WA,-33.3147252,117.7420593
961,6351,MOULYINNING,WA,-33.2282185,117.9263271
962,6351,NORTH MOULYINNING,WA,-33.1305411,117.9094724
963,6352,KUKERIN,WA,-33.1913283,118.0818036
964,6352,MERILUP,WA,-33.3178349,118.2068501
965,6352,NORTH KUKERIN,WA,-33.1763269,118.0653449
966,6352,SOUTH KUKERIN,WA,-33.2251163,118.1098903
967,6353,TARIN ROCK,WA,-33.1095964,118.2324449
968,6353,SOUTH LAKE GRACE,WA,-33.244817,118.4701979
969,6353,NORTH BURNGUP,WA,-32.8764091,118.78884
970,6353,NEENDALING,WA,-33.1166623,118.3198357
971,6353,NORTH LAKE GRACE,WA,-33.0315698,118.4699395
972,6353,LAKE GRACE,WA,-33.1008884,118.4699705
973,6353,KUENDER,WA,-32.8669961,118.5187887
974,6353,BUNICHE,WA,-33.0060517,118.7577133
975,6353,BEENONG,WA,-33.036715,118.6274204
976,6353,MALLEE HILL,WA,-33.2118543,118.7201977
977,6355,SOUTH NEWDEGATE,WA,-33.2171571,119.025458
978,6355,NEWDEGATE,WA,-33.093217,119.0236324
979,6355,MOUNT SHERIDAN,WA,-32.8892155,119.2071043
980,6355,MAGENTA,WA,0.0,0.0
981,6355,LITTLE ITALY,WA,-32.6247408,119.1533989
982,6355,LAKE BIDDY,WA,-32.9117672,118.9632061
983,6355,HOLT ROCK,WA,-32.6776612,119.4116555
984,6355,EAST NEWDEGATE,WA,-33.0924827,119.275056
985,6355,DUNN ROCK,WA,-33.3576739,119.5535794
986,6355,VARLEY,WA,-32.8231588,119.5359901
987,6355,LAKE CAMM,WA,-32.957218,119.6048598
988,6356,MOUNT MADDEN,WA,-33.2602695,119.8319917
989,6356,LAKE KING,WA,-33.0874037,119.6881976
990,6356,HATTER HILL,WA,-33.0339,119.882
991,6357,PINGARING,WA,-32.6899741,118.8130675
992,6358,KARLGARIN,WA,-32.3814744,118.7198004
993,6359,FORRESTANIA,WA,-32.4158418,119.7549643
994,6359,HYDEN,WA,-32.4490434,118.8656495
995,6359,LITTLE ITALY,WA,-32.6247,119.153
996,6361,HARRISMITH,WA,-32.9362761,117.8565108
997,6361,TINCURRIN,WA,-32.980526,117.7495521
998,6363,DUDININ,WA,-32.9524439,118.0043246
999,6363,WALYURIN,WA,-32.8709515,118.2558735
1000,6365,JILAKIN,WA,-32.6770704,118.4080397
1001,6365,JITARNING,WA,-32.7874131,117.9874247
1002,6365,KULIN,WA,-32.675626,118.2354596
1003,6365,KULIN WEST,WA,-32.6203797,118.1074368
1004,6367,KONDININ,WA,-32.4203845,118.3929417
1005,6367,BENDERING,WA,-32.3884,118.304
1006,6368,SOUTH KUMMININ,WA,-32.2007639,118.4396756
1007,6369,EMU HILL,WA,-32.0833,118.333
1008,6369,MOUNT WALKER,WA,-32.0697365,118.820702
1009,6369,NAREMBEEN,WA,-32.0653445,118.3957739
1010,6369,WADDERIN,WA,-32.0728816,118.3913879
1011,6369,WEST HOLLETON,WA,-32.0281041,119.0349065
1012,6369,WOOLOCUTTY,WA,-32.1652839,119.0086669
1013,6370,EAST WICKEPIN,WA,-32.7828007,117.7075597
1014,6370,KIRK ROCK,WA,-32.6350139,117.7353696
1015,6370,KIRK ROCK,WA,-32.6276,117.62
1016,6370,MALYALLING,WA,-32.7151972,117.5977419
1017,6370,WICKEPIN,WA,-32.7816141,117.5028347
1018,6370,WOGOLIN,WA,-32.7977859,117.8285624
1019,6372,YEALERING,WA,-32.6275771,117.6200138
1020,6373,BULLARING,WA,-32.5258694,117.784246
1021,6375,ADAMSVALE,WA,-32.1998612,117.6726096
1022,6375,BILBARIN,WA,-32.204103,117.955323
1023,6375,CORRIGIN,WA,-32.3340563,117.8774283
1024,6375,GORGE ROCK,WA,-32.4567656,118.0426228
1025,6375,KUNJIN,WA,-32.357491,117.7524103
1026,6375,KURRENKUTTEN,WA,-32.3534136,118.1237956
1027,6383,YOTING,WA,-31.962196,117.5916622
1028,6383,WAMENUSKING,WA,-32.1469964,117.6169399
1029,6383,SOUTH QUAIRADING,WA,-32.1541373,117.3720896
1030,6383,SOUTH CAROLING,WA,-32.152,117.387
1031,6383,QUAIRADING,WA,-32.012694,117.3955107
1032,6383,MAWSON,WA,-31.9842,117.19
1033,6383,MOUNT STIRLING,WA,-31.8811828,117.5283611
1034,6383,DOODENANNING,WA,-31.8611689,117.1922002
1035,6383,DANGIN,WA,-32.0526448,117.3498955
1036,6383,CUBBINE,WA,-31.8817412,117.3506492
1037,6383,BALKULING,WA,-31.9490302,117.1617685
1038,6383,BADJALING,WA,-31.9988889,117.4993647
1039,6383,DULBELLING,WA,-31.9705208,117.2542257
1040,6384,PANTAPIN,WA,-32.0308551,117.666952
1041,6385,KWOLYIN,WA,-31.9359005,117.7138785
1042,6386,SHACKLETON,WA,-32.0018432,117.8780275
1043,6390,MOUNT WELLS,WA,-32.6051565,116.3148981
1044,6390,WURAMING,WA,-32.8311864,116.2735859
1045,6390,UPPER MURRAY,WA,-32.9889016,116.3068429
1046,6390,RANFORD,WA,-32.7927841,116.4949004
1047,6390,MOUNT COOKE,WA,-32.4141667,116.3077778
1048,6390,NORTH BANNISTER,WA,-32.582088,116.4855219
1049,6390,LOWER HOTHAM,WA,-32.9302941,116.413849
1050,6390,CROSSMAN,WA,-32.8192958,116.6119208
1051,6390,BODDINGTON,WA,-32.7980053,116.4777581
1052,6390,BANNISTER,WA,-32.582088,116.4855219
1053,6390,MARRADONG,WA,-32.938858,116.4548484
1054,6391,BORANING,WA,-33.1057,116.709
1055,6391,CONGELIN,WA,-32.8535,116.891
1056,6391,CULBIN,WA,-33.1669,116.842
1057,6391,HILLMAN RIVER,WA,-33.428,116.817
1058,6391,NARRAKINE,WA,-32.9923,116.767
1059,6391,QUINDANNING,WA,-33.0328908,116.489345
1060,6391,TARWONGA,WA,-33.0803,117.102
1061,6391,WILLIAMS,WA,-33.0191,116.75
1062,6392,MEEKING,WA,-33.247,116.628
1063,6392,DARKAN,WA,-33.3345033,116.7331481
1064,6392,DARDADINE,WA,-33.2321,116.791
1065,6392,BOKAL,WA,-33.4417159,116.9027334
1066,6392,BOOLADING,WA,-33.359762,116.623227
1067,6393,CORDERING,WA,-33.512098,116.675354
1068,6393,DURANILLIN,WA,-33.5206917,116.7968705
1069,6393,MOODIARRUP,WA,-33.6118099,116.7580262
1070,6393,TRIGWELL,WA,-33.6731943,116.6318277
1071,6394,BEAUFORT RIVER,WA,-33.5882778,117.0461201
1072,6394,BOILUP,WA,-33.7592499,117.0055956
1073,6394,BOSCABEL,WA,-33.6987066,117.1137661
1074,6394,CHANGERUP,WA,-33.7353428,116.8452962
1075,6394,MOKUP,WA,-33.6166,116.825
1076,6394,MURADUP,WA,-33.8580382,116.9426442
1077,6394,ORCHID VALLEY,WA,-34.007616,116.8238792
1078,6394,QUALEUP,WA,-33.9044236,116.8070515
1079,6395,RYANSBROOK,WA,-34.0897077,117.1585717
1080,6395,MOBRUP,WA,-34.1315864,116.911756
1081,6395,LUMEAH,WA,-33.9946269,117.2318438
1082,6395,KOJONUP,WA,-33.828384,117.1589932
1083,6395,JINGALUP,WA,-33.965529,117.0300474
1084,6395,CHERRY TREE POOL,WA,-33.7940495,117.27861
1085,6396,FRANKLAND,WA,-34.3028954,116.9381434
1086,6396,FRANKLAND RIVER,WA,-34.3029,116.938
1087,6397,ROCKY GULLY,WA,-34.6318818,116.9381434
1088,6398,NORTH WALPOLE,WA,-34.8838995,116.7106544
1089,6398,WALPOLE,WA,-34.9758607,116.7331553
1090,6398,BROKE,WA,-34.9349211,116.4193977
1091,6401,MUMBERKINE,WA,-31.4147224,116.6566464
1092,6401,WONGAMINE,WA,-31.4711574,116.6207585
1093,6401,THROSSELL,WA,-31.6944323,116.8268372
1094,6401,SPENCERS BROOK,WA,-31.7232294,116.6553773
1095,6401,SOUTHERN BROOK,WA,-31.5589564,116.8302778
1096,6401,ROSSMORE,WA,-31.4003439,116.767827
1097,6401,NORTHAM,WA,-31.6478698,116.6742108
1098,6401,MURESK,WA,-31.7193205,116.7121299
1099,6401,MULUCKINE,WA,-31.6727546,116.7283693
1100,6401,JENNAPULLIN,WA,-31.5283897,116.7169043
1101,6401,MEENAAR,WA,-31.6370954,116.8957561
1102,6401,MALABAINE,WA,-31.6323806,116.7136939
1103,6401,JENNACUBBINE,WA,-31.4645692,116.7146243
1104,6401,IRISHTOWN,WA,-31.5912996,116.6468692
1105,6401,CUNJARDINE,WA,-31.4398608,116.8569423
1106,6401,BURLONG,WA,-31.6737918,116.6111724
1107,6401,BUCKLAND,WA,-31.5348886,116.635414
1108,6401,MOKINE,WA,-31.747378,116.5574855
1109,6403,GRASS VALLEY,WA,-31.636653,116.8203511
1110,6405,WARDING EAST,WA,-31.7585056,117.0903453
1111,6405,QUELAGETTING,WA,-31.4829053,117.0964066
1112,6405,MECKERING,WA,-31.627336,117.0086166
1113,6405,GREENWOODS VALLEY,WA,-31.5156822,116.909222
1114,6407,CUNDERDIN,WA,-31.6515688,117.237163
1115,6407,WAEEL,WA,-31.6509686,117.1687782
1116,6407,WATERCARRIN,WA,-31.4405806,117.2413162
1117,6407,WYOLA,WA,-31.5642775,117.37022
1118,6407,WYOLA WEST,WA,-31.5271274,117.3180271
1119,6407,YOUNDEGIN,WA,-31.799406,117.2939477
1120,6409,DOONGIN,WA,-31.585917,117.5026174
1121,6409,NORTH TAMMIN,WA,-31.484497,117.49408
1122,6409,SOUTH TAMMIN,WA,-31.6700419,117.4912343
1123,6409,TAMMIN,WA,-31.6419647,117.4869489
1124,6409,YORKRAKINE,WA,-31.369813,117.551012
1125,6410,NORTH KELLERBERRIN,WA,-31.4802113,117.6449111
1126,6410,MOUNT CAROLINE,WA,-31.7333533,117.6393717
1127,6410,KELLERBERRIN,WA,-31.6330073,117.7229586
1128,6410,DAADENNING CREEK,WA,-31.7765295,117.7929365
1129,6410,BUNGULLA,WA,0.0,0.0
1130,6411,DOODLAKINE,WA,-31.5133284,117.8416463
1131,6411,SOUTH DOODLAKINE,WA,-31.6864446,117.9139266
1132,6412,BAANDEE,WA,-31.5451878,117.9833442
1133,6412,NORTH BAANDEE,WA,-31.3701458,117.9345849
1134,6413,HINES HILL,WA,-31.5112285,118.0888578
1135,6414,NANGEENAN,WA,-31.5309101,118.1824793
1136,6415,GOOMARIN,WA,-31.2382385,118.4145609
1137,6415,KORBEL,WA,-31.6525816,118.1503404
1138,6415,MERREDIN,WA,-31.482641,118.27239
1139,6415,NOKANING,WA,-31.3731213,118.231901
1140,6415,NORPA,WA,-31.5795089,118.4163459
1141,6415,TANDEGIN,WA,-31.6732901,118.5656736
1142,6418,YARDING,WA,-31.876,117.95
1143,6418,BRUCE ROCK,WA,-31.8509547,118.1590786
1144,6419,ARDATH,WA,-32.0448614,118.1356748
1145,6420,CRAMPHORNE,WA,-31.873501,118.3960151
1146,6420,MUNTADGIN,WA,-31.7595524,118.5599212
1147,6421,BURRACOPPIN,WA,-31.4263744,118.4223102
1148,6421,CAMPION,WA,-31.0289,118.498
1149,6421,SOUTH BURRACOPPIN,WA,-31.5892606,118.6422312
1150,6421,WARRALAKIN,WA,-30.9613351,118.5949204
1151,6422,WALGOOLAN,WA,-31.3458122,118.6031402
1152,6423,WESTONIA,WA,-31.2857496,118.698146
1153,6423,WARRACHUPPIN,WA,-31.0117981,118.6937235
1154,6423,CARRABIN,WA,-31.4032969,118.6922279
1155,6423,BOODAROCKIN,WA,-31.0041025,118.8297192
1156,6424,BODALLIN,WA,-31.3697418,118.8604604
1157,6424,NORTH BODALLIN,WA,-31.0906129,118.9307127
1158,6424,SOUTH BODALLIN,WA,-31.5352601,118.8847487
1159,6425,MOORINE ROCK,WA,-31.3133293,119.1255222
1160,6425,DULYALBIN,WA,-31.5538889,119.0713006
1161,6426,SKELETON ROCK,WA,-31.8714298,119.4015233
1162,6426,SOUTHERN CROSS,WA,-31.2331952,119.3297617
1163,6426,YELLOWDINE,WA,-31.1683108,119.6900271
1164,6426,PARKER RANGE,WA,-31.9168519,119.8182009
1165,6426,TURKEY HILL,WA,-30.955056,119.3626559
1166,6426,MOUNT PALMER,WA,-31.400606,119.6798807
1167,6426,SOUTH YILGARN,WA,-31.7897398,119.2493337
1168,6426,MOUNT HOLLAND,WA,-32.1352879,119.5702416
1169,6426,MOUNT HAMPTON,WA,-31.7252456,118.8816182
1170,6426,MARVEL LOCH,WA,-31.4674698,119.4894519
1171,6426,HOLLETON,WA,-31.9452027,119.1671402
1172,6426,GHOOLI,WA,-31.2737421,119.5119133
1173,6426,CORINTHIA,WA,-31.1331829,119.1666932
1174,6426,MOUNT JACKSON,WA,-30.19554,119.1226115
1175,6427,KOOLYANOBBING,WA,-30.8389198,119.5571677
1176,6428,BABAKIN,WA,-32.1509632,118.0420282
1177,6429,WALLAROO,WA,-30.8651058,120.5091195
1178,6429,MOUNT BURGES,WA,-30.8405931,121.2630394
1179,6429,LONDONDERRY,WA,-31.1850965,121.2363978
1180,6429,VICTORIA ROCK,WA,-31.5095982,120.8192094
1181,6429,COOLGARDIE,WA,-30.9542738,121.1759269
1182,6429,BULLABULLING,WA,-31.0001443,120.8931316
1183,6429,BOORABBIN,WA,-30.8372561,120.2202619
1184,6429,KARRAMINDIE,WA,-31.0236011,121.4577984
1185,6430,WEST LAMINGTON,WA,-30.7510509,121.4573536
1186,6430,WEST KALGOORLIE,WA,-30.780095,121.4337996
1187,6430,SOUTH KALGOORLIE,WA,-30.7630128,121.4787526
1188,6430,SOMERVILLE,WA,-30.7707526,121.4538326
1189,6430,PICCADILLY,WA,-30.7403,121.467
1190,6430,MULLINGAR,WA,-30.7021273,121.4727791
1191,6430,KARLKURLA,WA,-30.7598353,121.438242
1192,6430,KALGOORLIE,WA,-30.749,121.466
1193,6430,HANNANS,WA,-30.7239708,121.453547
1194,6430,BROADWOOD,WA,0.0,0.0
1195,6430,BROADWOOD,WA,-30.782012,121.4566608
1196,6430,BINDULI,WA,-30.7970668,121.3897405
1197,6430,WILLIAMSTOWN,WA,-30.7444352,121.4851303
1198,6430,LAMINGTON,WA,-30.7349262,121.4628135
1199,6430,YILKARI,WA,-30.824933,121.443357
1200,6431,ORA BANDA,WA,-30.2439026,120.9545455
1201,6431,PLUMRIDGE LAKES,WA,-29.459438,126.1756268
1202,6431,LAKEWOOD,WA,-30.8284134,121.5073644
1203,6431,WARBURTON,WA,-26.1338772,126.5786448
1204,6431,TRAFALGAR,WA,-30.8197892,121.5706946
1205,6431,KURNALPI,WA,-30.3473873,121.9636303
1206,6431,BULONG,WA,-30.68783,121.8249446
1207,6431,KANOWNA,WA,-30.4857629,121.350352
1208,6431,FEYSVILLE,WA,-31.0105096,121.5988049
1209,6431,EMU FLAT,WA,-31.0348579,122.5513306
1210,6431,KOOKYNIE,WA,-29.7151232,122.105042
1211,6431,BROWN HILL,WA,-30.7499187,121.5285584
1212,6431,BOORARA,WA,-30.7910703,121.6453709
1213,6432,BOULDER,WA,-30.7768517,121.493226
1214,6432,FIMISTON,WA,-30.7765974,121.5041365
1215,6432,SOUTH BOULDER,WA,-30.7916935,121.4956213
1216,6432,VICTORY HEIGHTS,WA,-30.7794905,121.4729181
1217,6433,KALGOORLIE DC,WA,-30.749,121.466
1218,6433,KALGOORLIE,WA,-30.749,121.466
1219,6433,KALGOORLIE PO,WA,-30.749,121.466
1220,6433,HANNANS,WA,-30.7239708,121.453547
1221,6433,HANNANS PO,WA,-30.724,121.454
1222,6434,CUNDEELEE,WA,-31.0156071,123.1463744
1223,6434,FORREST,WA,-30.9089032,127.4575928
1224,6434,PARKESTON,WA,-30.7317862,121.5056714
1225,6434,RAWLINNA,WA,-31.0092364,125.3316027
1226,6434,ZANTHUS,WA,-30.7523064,124.0363655
1227,6435,AGNEW,WA,-27.6728,121.628
1228,6436,ULARRING,WA,-29.1991489,120.236582
1229,6436,MENZIES,WA,-29.6915471,121.0289412
1230,6437,LEINSTER,WA,-27.9160018,120.6991512
1231,6437,SIR SAMUEL,WA,-27.5939,120.577
1232,6438,LAKE DARLOT,WA,-27.930348,121.2992033
1233,6438,LEONORA,WA,-28.8850017,121.3308316
1234,6440,LAVERTON,WA,-28.6256573,122.4013434
1235,6440,LAKE WELLS,WA,-27.1933027,123.0320841
1236,6440,COSMO NEWBERY,WA,-27.9241373,123.3803379
1237,6440,NEALE,WA,-28.2758233,125.2847094
1238,6440,BEADELL,WA,-28.3507339,127.5183966
1239,6440,BURTVILLE,WA,-28.7699,122.635
1240,6440,BANDYA,WA,-27.7336535,122.1826163
1241,6442,KAMBALDA,WA,-31.2016,121.663
1242,6442,KAMBALDA EAST,WA,-31.203598,121.6667896
1243,6442,KAMBALDA WEST,WA,-31.2319364,121.6112091
1244,6443,BALLADONIA,WA,-32.4581005,123.8667501
1245,6443,CAIGUNA,WA,-32.2689041,125.4895345
1246,6443,WIDGIEMOOLTHA,WA,-31.494919,121.574601
1247,6443,DUNDAS,WA,-32.3906901,121.7590271
1248,6443,EUCLA,WA,-31.6762241,128.8891239
1249,6443,FRASER RANGE,WA,-32.0115049,122.7976354
1250,6443,HIGGINSVILLE,WA,-31.74558,121.71431
1251,6443,MADURA,WA,-31.8987121,127.0226764
1252,6443,MUNDRABILLA,WA,-31.8733691,127.872826
1253,6443,NORSEMAN,WA,-32.1977706,121.7788565
1254,6443,COCKLEBIDDY,WA,-32.0367033,126.0954044
1255,6445,SALMON GUMS,WA,-32.9815165,121.6438183
1256,6445,NORTH CASCADE,WA,-32.9325573,121.1191602
1257,6446,GRASS PATCH,WA,-33.1836614,121.7195459
1258,6447,LORT RIVER,WA,-33.2668934,121.3841072
1259,6447,MOUNT NEY,WA,-33.4568271,122.5085926
1260,6447,SCADDAN,WA,-33.4406465,121.7223973
1261,6447,WITTENOOM HILLS,WA,-33.4825801,122.124052
1262,6448,GIBSON,WA,-33.5881933,121.856261
1263,6450,MONJINGUP,WA,-33.7667629,121.7745317
1264,6450,MUNGLINUP,WA,-33.7048233,120.8627469
1265,6450,MYRUP,WA,-33.7880698,121.9254353
1266,6450,NERIDUP,WA,-33.650628,122.2007859
1267,6450,SINCLAIR,WA,-33.8635703,121.872637
1268,6450,PINK LAKE,WA,-33.8498373,121.7913281
1269,6450,MERIVALE,WA,-33.8140269,122.2069328
1270,6450,WEST BEACH,WA,-33.8703557,121.8897458
1271,6450,WINDABOUT,WA,-33.8224351,121.910614
1272,6450,NULSEN,WA,-33.8545044,121.871553
1273,6450,HOWICK,WA,-33.7523615,122.782885
1274,6450,BOYATUP,WA,-33.7437148,123.088064
1275,6450,EAST MUNGLINUP,WA,-33.722377,120.9257253
1276,6450,DALYUP,WA,-33.7187814,121.5968456
1277,6450,COOMALBIDGUP,WA,-33.7218671,121.363548
1278,6450,CONDINGUP,WA,-33.7476528,122.5268953
1279,6450,CHADWICK,WA,-33.8389449,121.8933032
1280,6450,CASTLETOWN,WA,-33.8392511,121.9044735
1281,6450,CASCADE,WA,-33.4776159,121.0804077
1282,6450,CAPE LE GRAND,WA,-33.956441,122.150132
1283,6450,ESPERANCE,WA,-33.8613103,121.8914238
1284,6450,BEAUMONT,WA,-33.5022136,122.6548534
1285,6450,BANDY CREEK,WA,-33.8245509,121.9398871
1286,6452,ISRAELITE BAY,WA,-33.4642228,123.9115546
1287,6452,BURAMINYA,WA,-33.0965821,123.3255924
1288,6452,CAPE ARID,WA,-33.7049081,123.4499743
1289,6460,GOOMALLING,WA,-31.2966544,116.8304458
1290,6460,HULONGINE,WA,-31.3673748,116.8167345
1291,6460,KARRANADGIN,WA,-31.2169305,116.7290993
1292,6460,UCARTY WEST,WA,-31.3515679,116.930343
1293,6460,WALYORMOURING,WA,-31.2051318,116.8782827
1294,6461,DOWERIN,WA,-31.1956312,117.0319659
1295,6461,KOOMBERKINE,WA,-30.9788966,116.989774
1296,6462,MINNIVALE,WA,-31.0874547,117.1321992
1297,6462,HINDMARSH,WA,-31.1828949,117.1908671
1298,6462,UCARTY,WA,-31.3156471,117.0511555
1299,6463,BENJABERRING,WA,-31.1065839,117.2911248
1300,6465,MANMANNING,WA,-30.8894561,117.2205771
1301,6466,CADOUX,WA,-30.740808,117.1264753
1302,6467,BURAKIN,WA,-30.5706562,117.1264753
1303,6468,GOODLANDS,WA,-29.9952645,117.27429
1304,6468,KALANNIE,WA,-30.3667758,117.1209662
1305,6468,PETRUDOR,WA,-30.4369306,116.9864325
1306,6470,KULJA,WA,-30.358065,117.3146351
1307,6472,TAMPU,WA,-30.1832,117.824
1308,6472,REMLAP,WA,-29.9969275,117.6517121
1309,6472,KARROUN HILL,WA,-29.9754613,118.2056515
1310,6472,MOUROUBRA,WA,-29.8085141,117.7125116
1311,6472,BIMBIJY,WA,-29.732711,118.0595407
1312,6472,BEACON,WA,-30.4520453,117.8714482
1313,6472,CLEARY,WA,-30.4350038,117.6457486
1314,6473,NORTH WIALKI,WA,-30.2859722,118.2288254
1315,6473,WIALKI,WA,-30.4659491,118.0752148
1316,6475,NEWCARLBEON,WA,-30.6362263,117.3655477
1317,6475,BADGERIN ROCK,WA,-30.7695752,117.3100116
1318,6475,BOORALAMING,WA,-30.8837497,117.35956
1319,6475,DUKIN,WA,-30.9081925,117.5407296
1320,6475,KOORDA,WA,-30.8220749,117.4821521
1321,6475,LAKE MARGARETTE,WA,-30.7499442,117.5009121
1322,6475,MOLLERIN,WA,-30.4006407,117.5026174
1323,6476,GABBIN,WA,-30.6972794,117.6904167
1324,6477,WELBUNGIN,WA,-30.825011,117.9949529
1325,6477,BENCUBBIN,WA,-30.8164234,117.8624538
1326,6479,MUKINBUDIN,WA,-30.9093406,118.2564791
1327,6479,BARBALIN,WA,-30.8814402,118.1129564
1328,6479,BONNIE ROCK,WA,-30.5602558,118.2846161
1329,6479,DANDANNING,WA,-31.0080584,118.1794252
1330,6479,ELACHBUTTING,WA,-30.6043417,118.6059358
1331,6479,KARLONING,WA,-30.6068326,118.1658419
1332,6479,LAKE BROWN,WA,-30.9463828,118.3446856
1333,6479,MANGOWINE,WA,-31.0471,118.105
1334,6479,WATTONING,WA,-30.7661348,118.2092312
1335,6479,WILGOYNE,WA,-30.7754059,118.4396756
1336,6480,NUKARNI,WA,-31.2985368,118.2760503
1337,6484,BULLFINCH,WA,-30.9833425,119.1118861
1338,6484,ENNUIN,WA,-30.6686832,118.9235379
1339,6484,LAKE DEBORAH,WA,-30.4672143,119.7569189
1340,6485,WYALKATCHEM,WA,-31.2951818,117.3558341
1341,6485,NEMBUDDING,WA,-31.1482927,117.5862662
1342,6485,COWCOWING,WA,-31.0119616,117.4490383
1343,6485,KORRELOCKING,WA,-31.1987226,117.4891817
1344,6485,NALKAIN,WA,-31.0717503,117.4401708
1345,6487,YELBENI,WA,-31.1691878,117.6629333
1346,6487,NORTH YELBENI,WA,-31.0543531,117.6694962
1347,6487,SOUTH YELBENI,WA,-31.2976303,117.6541804
1348,6488,TRAYNING,WA,-31.1140428,117.7921601
1349,6488,NORTH TRAYNING,WA,-31.0384384,117.7879946
1350,6488,SOUTH TRAYNING,WA,-31.2237442,117.7920789
1351,6489,KUNUNOPPIN,WA,-31.1128745,117.9189612
1352,6489,NORTH KUNUNOPPIN,WA,-31.044128,117.9442354
1353,6489,SOUTH KUNUNOPPIN,WA,-31.1805664,117.9523098
1354,6490,TALGOMINE,WA,-31.184471,118.2467525
1355,6490,NUNGARIN,WA,-31.0902129,118.2082748
1356,6490,KWELKAN,WA,-31.1403918,117.9989805
1357,6490,BURRAN ROCK,WA,-31.2438267,118.0154858
1358,6490,CHANDLER,WA,-31.0826817,118.3717948
1359,6490,ELABBIN,WA,-31.2376762,118.1483466
1360,6501,MUCHEA,WA,-31.5382441,115.9231471
1361,6502,BINDOON,WA,-31.3734974,116.0952637
1362,6502,BINDOON TRAINING AREA,WA,-31.2443183,116.2737691
1363,6503,MINDARRA,WA,-31.0821271,115.9348848
1364,6503,WANERIE,WA,-31.2014989,115.5954519
1365,6503,RED GULLY,WA,-30.9807424,115.7974006
1366,6503,ORANGE SPRINGS,WA,-31.0041682,115.6148621
1367,6503,NEERGABBY,WA,-31.3029893,115.6575987
1368,6503,MUCKENBURRA,WA,-31.3295268,115.760763
1369,6503,MOORE RIVER NATIONAL PARK,WA,-31.1067675,115.6781065
1370,6503,MOONDAH,WA,-31.3487116,115.9787862
1371,6503,LENNARD BROOK,WA,-31.3799711,115.9124443
1372,6503,YEAL,WA,-31.4380038,115.7188519
1373,6503,GINGINUP,WA,-31.3119277,115.9221542
1374,6503,GINGIN,WA,-31.3496779,115.9067811
1375,6503,CULLALLA,WA,-31.2172864,115.9978402
1376,6503,COWALLA,WA,-31.086283,115.5302965
1377,6503,COONABIDGEE,WA,-31.3398969,115.8610155
1378,6503,BREERA,WA,-31.443439,115.9691412
1379,6503,BOONANARRING,WA,-31.247323,115.8356547
1380,6503,BEERMULLAH,WA,-31.2346608,115.7913683
1381,6503,BAMBUN,WA,-31.4339474,115.8816472
1382,6503,GRANVILLE,WA,0.0,0.0
1383,6504,MOOLIABEENEE,WA,-31.3027216,116.0768508
1384,6505,WANNAMAL,WA,-31.1462869,116.1595761
1385,6506,MOGUMBER,WA,-31.0063551,116.0177448
1386,6507,CATABY,WA,-30.7350902,115.5386556
1387,6507,COOLJARLOO,WA,-30.629119,115.4645264
1388,6507,DANDARAGAN,WA,-30.6583081,115.7035298
1389,6507,MIMEGARRA,WA,-30.8765997,115.4088611
1390,6507,REGANS FORD,WA,-30.9719286,115.7014696
1391,6507,YATHROO,WA,-30.8465829,115.8562315
1392,6509,GLENTROMIE,WA,-30.9176949,116.2362271
1393,6509,NEW NORCIA,WA,-30.9710786,116.2145948
1394,6509,WADDINGTON,WA,-30.8388032,116.2674193
1395,6509,YARAWINDAH,WA,-31.078569,116.2384408
1396,6510,WALEBING,WA,-30.6949128,116.2118463
1397,6510,MOORA,WA,-30.6410717,116.0079871
1398,6510,KOOJAN,WA,-30.8092813,116.0264055
1399,6510,BERKSHIRE VALLEY,WA,-30.5771837,116.1735037
1400,6510,BARBERTON,WA,-30.7362613,116.0282166
1401,6510,GILLINGARRA,WA,-30.9122079,116.0361674
1402,6511,CERVANTES,WA,-30.5017292,115.0762536
1403,6512,COOMBERDALE,WA,-30.4681607,116.0367168
1404,6512,NAMBAN,WA,-30.3807394,115.9275955
1405,6513,GUNYIDI,WA,-30.144786,116.0556289
1406,6513,WATHEROO,WA,-30.2612968,116.0682364
1407,6514,LEEMAN,WA,-29.9470711,114.9823757
1408,6514,GREEN HEAD,WA,-30.0539698,115.0228736
1409,6515,MARCHAGEE,WA,-30.0430526,116.1130034
1410,6515,WADDY FOREST,WA,-29.85648,116.2050783
1411,6515,COOROW,WA,-29.8823975,116.021637
1412,6515,EGANU,WA,-30.0345594,115.7426179
1413,6516,JURIEN BAY,WA,-30.2938314,115.1177654
1414,6517,CARNAMAH,WA,-29.722497,115.8994923
1415,6517,WINCHESTER,WA,-29.7641,116.024
1416,6518,ENEABBA,WA,-29.8142254,115.266874
1417,6518,WARRADARGE,WA,-30.0568299,115.3292506
1418,6519,ARRINO,WA,-29.5488592,115.515149
1419,6519,ARROWSMITH EAST,WA,-29.5169663,115.3538445
1420,6519,DUDAWA,WA,-29.375428,115.7785639
1421,6519,KADATHINNI,WA,-29.6358344,115.5848987
1422,6519,THREE SPRINGS,WA,-29.5332308,115.7617852
1423,6519,WOMARDEN,WA,-29.4960315,115.8789528
1424,6521,NAMBUNG,WA,-30.5062667,115.2337151
1425,6521,HILL RIVER,WA,-30.326117,115.233719
1426,6521,BOOTHENDARRA,WA,-30.2539676,115.732002
1427,6521,BADGINGARRA,WA,-30.4384887,115.6268781
1428,6521,GREY,WA,-30.6599268,115.1377776
1429,6522,BUNDANOON,WA,-29.3065884,115.4878194
1430,6522,HOLMWOOD,WA,-29.0466017,115.6334592
1431,6522,IKEWA,WA,-29.1596332,115.5562475
1432,6522,LOCKIER,WA,-29.1941827,115.3461788
1433,6522,MINGENEW,WA,-29.1929585,115.4422048
1434,6522,MOORIARY,WA,-29.2843418,115.3395467
1435,6522,MOUNT BUDD,WA,-29.1765353,115.6491533
1436,6522,NANGETTY,WA,-29.0370195,115.4159769
1437,6522,YANDANOOKA,WA,-29.2880838,115.6367421
1438,6522,YARRAGADEE,WA,-29.1200578,115.4418114
1439,6525,MOUNT HORNER,WA,-29.1615567,115.1865043
1440,6525,PORT DENISON,WA,-29.2644107,114.9279584
1441,6525,MOUNT ADAMS,WA,-29.3434333,115.0122299
1442,6525,YARDARINO,WA,-29.2593773,115.0060189
1443,6525,SPRINGFIELD,WA,-29.2751955,114.9499995
1444,6525,MILO,WA,-29.2922108,115.1973179
1445,6525,ALLANOOKA,WA,-29.0467352,115.0703229
1446,6525,DONGARA,WA,-29.2451696,114.9325543
1447,6525,BOOKARA,WA,-29.1173624,114.8957971
1448,6525,BONNIEFIELD,WA,-29.1846676,114.9184236
1449,6525,ARROWSMITH,WA,-29.5456785,115.053851
1450,6525,IRWIN,WA,-29.2906134,115.0465991
1451,6528,MOUNT HILL,WA,-29.0091632,114.9133921
1452,6528,SOUTH GREENOUGH,WA,-29.0056971,114.7984768
1453,6528,WALKAWAY,WA,-28.9403822,114.8395162
1454,6530,STRATHALBYN,WA,-28.7521303,114.6412431
1455,6530,SUNSET BEACH,WA,-28.7233192,114.623063
1456,6530,TARCOOLA BEACH,WA,-28.8052784,114.6209346
1457,6530,UTAKARRA,WA,-28.7776536,114.6409088
1458,6530,WEST END,WA,-28.7783317,114.5858497
1459,6530,WANDINA,WA,-28.817894,114.6357187
1460,6530,WEBBERTON,WA,-28.7534588,114.6295893
1461,6530,SPALDING,WA,-28.7386928,114.6333269
1462,6530,WONTHELLA,WA,-28.7671741,114.624664
1463,6530,WAGGRAKINE,WA,-28.6846492,114.6446013
1464,6530,RANGEWAY,WA,-28.7848367,114.6297729
1465,6530,WOORREE,WA,-28.7682843,114.6590479
1466,6530,MORESBY,WA,-28.7340685,114.663716
1467,6530,MERU,WA,-28.7995993,114.6761215
1468,6530,MAHOMETS FLATS,WA,-28.7923681,114.6134187
1469,6530,KARLOO,WA,-28.7998157,114.6410257
1470,6530,HOUTMAN ABROLHOS,WA,-28.7777,113.858
1471,6530,GERALDTON DC,WA,-28.7738,114.612
1472,6530,GERALDTON,WA,-28.7796535,114.6144452
1473,6530,BLUFF POINT,WA,-28.7367581,114.6249517
1474,6530,BERESFORD,WA,-28.758206,114.6196165
1475,6530,BEACHLANDS,WA,-28.7846739,114.6031711
1476,6530,MOUNT TARCOOLA,WA,-28.7966203,114.6256786
1477,6531,GERALDTON PO,WA,-28.7738,114.612
1478,6531,GERALDTON,WA,-28.7796535,114.6144452
1479,6532,OAKAJEE,WA,-28.6011025,114.6176835
1480,6532,MOUNT ERIN,WA,-28.5798552,114.8553689
1481,6532,NABAWA,WA,-28.4987379,114.7924119
1482,6532,NANSON,WA,-28.5623737,114.7596244
1483,6532,NARALING,WA,-28.3996068,114.8574912
1484,6532,NARNGULU,WA,-28.8005374,114.6716717
1485,6532,NARRA TARRA,WA,-28.634008,114.7638657
1486,6532,NERREN NERREN,WA,-27.1296224,114.625359
1487,6532,MOONYOONOOKA,WA,-28.780315,114.7563894
1488,6532,NOLBA,WA,-28.239744,114.8727554
1489,6532,NORTH ERADU,WA,-28.5504013,115.1363837
1490,6532,NORTHERN GULLY,WA,-28.6601068,114.9193036
1491,6532,ROCKWELL,WA,-28.3463256,114.9152354
1492,6532,VALENTINE,WA,-28.5435579,115.0566108
1493,6532,SANDSPRINGS,WA,-28.7888122,114.9516969
1494,6532,SOUTH YUNA,WA,-28.3649763,115.0123165
1495,6532,TAMALA,WA,-26.7720825,113.7891329
1496,6532,TIBRADDEN,WA,-28.7484764,114.9021976
1497,6532,TOOLONGA,WA,-26.7680587,115.1901788
1498,6532,WANDANA,WA,-28.1760079,115.3188881
1499,6532,WEST BINNU,WA,-28.017412,114.5409911
1500,6532,WHITE PEAK,WA,-28.632405,114.6499177
1501,6532,WICHERINA,WA,-28.6848628,115.0040486
1502,6532,WICHERINA SOUTH,WA,-28.7825651,115.0177616
1503,6532,YETNA,WA,-28.6223163,114.6820116
1504,6532,YUNA,WA,-28.2005178,115.0332576
1505,6532,MINNENOOKA,WA,-28.8784437,114.8709108
1506,6532,RUDDS GULLY,WA,-28.8484634,114.6735446
1507,6532,MEADOW,WA,-26.816484,114.6145494
1508,6532,GREENOUGH,WA,-28.9201322,114.7039731
1509,6532,KOJARENA,WA,-28.7235252,114.8639691
1510,6532,AJANA,WA,-27.840242,114.6924329
1511,6532,BINNU,WA,-28.017412,114.5409911
1512,6532,BOOTENAL,WA,-28.8563944,114.7297744
1513,6532,MARRAH,WA,-28.4324721,114.9818412
1514,6532,BULLER,WA,-28.6528734,114.6202222
1515,6532,BURMA ROAD,WA,-28.970387,115.0295038
1516,6532,CAPE BURNEY,WA,-28.8608148,114.648546
1517,6532,CARRARANG,WA,-26.332679,113.3763457
1518,6532,COBURN,WA,-26.7484213,114.4090189
1519,6532,COOLCALALAYA,WA,-27.5382155,115.0212246
1520,6532,DARTMOOR,WA,-28.0271969,115.1400419
1521,6532,DEEPDALE,WA,-28.7819914,114.6771765
1522,6532,DINDILOA,WA,-28.4324061,114.7890345
1523,6532,DRUMMOND COVE,WA,-28.672653,114.6155811
1524,6532,BRINGO,WA,-28.7498063,114.8248399
1525,6532,EAST CHAPMAN,WA,-28.6934551,114.8405926
1526,6532,HOWATHARRA,WA,-28.5459831,114.6298014
1527,6532,HICKETY,WA,-28.4495576,114.738566
1528,6532,HAMELIN POOL,WA,-26.4092839,114.4625194
1529,6532,GEORGINA,WA,-28.876743,114.7532497
1530,6532,EURARDY,WA,-27.489959,114.7177837
1531,6532,GLENFIELD,WA,-28.6994837,114.6207878
1532,6532,ERADU,WA,-28.6965716,115.0376889
1533,6532,ELLENDALE,WA,-28.8969501,114.9307432
1534,6532,EAST YUNA,WA,-28.4029593,115.1246949
1535,6532,EAST NABAWA,WA,-28.4902943,114.8648112
1536,6532,ERADU SOUTH,WA,-28.7752477,115.0720254
1537,6532,DURAWAH,WA,-28.5711842,114.9383003
1538,6535,ISSEKA,WA,-28.4345497,114.6517622
1539,6535,YALLABATHARRA,WA,-28.012976,114.1987779
1540,6535,SANDY GULLY,WA,-28.2991199,114.4989076
1541,6535,OGILVIE,WA,-28.1659789,114.7567965
1542,6535,NORTHAMPTON,WA,-28.3522388,114.6300571
1543,6535,HORROCKS,WA,-28.3808217,114.4320029
1544,6535,EAST BOWES,WA,-28.3802545,114.6700229
1545,6535,BOWES,WA,-28.4968635,114.626049
1546,6535,ALMA,WA,-28.2863732,114.6480482
1547,6535,GREGORY,WA,-28.1872945,114.2508057
1548,6536,KALBARRI,WA,-27.7104192,114.1646201
1549,6536,KALBARRI NATIONAL PARK,WA,-27.8207008,114.4612683
1550,6536,ZUYTDORP,WA,-27.3997033,114.200108
1551,6537,USELESS LOOP,WA,-26.1333333,113.3833333
1552,6537,SHARK BAY,WA,-25.7834193,113.2987712
1553,6537,NANGA,WA,-26.5548705,113.9495868
1554,6537,MONKEY MIA,WA,-25.7943082,113.7187569
1555,6537,DIRK HARTOG,WA,-25.8024,113.025
1556,6537,DIRK HARTOG ISLAND,WA,-25.8024022,113.0250269
1557,6537,DENHAM,WA,-25.927196,113.5423745
1558,6537,FRANCOIS PERON NATIONAL PARK,WA,-25.8203902,113.5500047
1559,6556,THE LAKES,WA,-31.9076699,116.346349
1560,6556,MALMALLING,WA,-31.9668553,116.331185
1561,6556,BEECHINA,WA,-31.8589871,116.3139052
1562,6556,CHIDLOW,WA,-31.8580021,116.2716751
1563,6556,GORRIE,WA,-31.8921024,116.3018199
1564,6558,WOOROLOO,WA,-31.8029829,116.3131356
1565,6560,WUNDOWIE,WA,-31.7501607,116.3603652
1566,6562,BAKERS HILL,WA,-31.7494294,116.4569355
1567,6562,COPLEY,WA,-31.7961438,116.4768399
1568,6562,WOOTTATING,WA,-31.8820179,116.4558579
1569,6564,CLACKLINE,WA,-31.7094264,116.5196956
1570,6566,WEST TOODYAY,WA,-31.5280241,116.405135
1571,6566,TOODYAY,WA,-31.5500225,116.4638253
1572,6566,NUNILE,WA,-31.522218,116.5214185
1573,6566,HODDYS WELL,WA,-31.6357857,116.4633601
1574,6566,KATRINE,WA,-31.6242591,116.5629178
1575,6566,CULHAM,WA,-31.4134792,116.4779534
1576,6566,COONDLE,WA,-31.4713361,116.4481689
1577,6566,CARANI,WA,-30.9932799,116.4111642
1578,6566,BEJOORDING,WA,-31.383264,116.5339136
1579,6566,DUMBARTON,WA,-31.5742438,116.4982209
1580,6567,DEWARS POOL,WA,-31.3866375,116.3553308
1581,6567,JULIMAR,WA,-31.5072548,116.3009653
1582,6567,MOONDYNE,WA,-31.5481401,116.2261451
1583,6568,BOLGART,WA,-31.2742697,116.5087254
1584,6568,WATTENING,WA,-31.3253546,116.4005805
1585,6568,WYENING,WA,-31.1572723,116.542218
1586,6569,CARANI,WA,-31.0947,116.396
1587,6569,CALINGIRI,WA,-31.0893373,116.4481424
1588,6569,OLD PLAINS,WA,-31.1435301,116.3567408
1589,6571,YERECOIN,WA,-30.9139217,116.4429944
1590,6572,PIAWANING,WA,-30.7963,116.396
1591,6574,BINDI BINDI,WA,-30.5938945,116.3630201
1592,6574,GABALONG,WA,-30.7189143,116.3900248
1593,6575,MILING,WA,-30.3953738,116.3721711
1594,6603,KONNONGORRING,WA,-31.0392977,116.7729612
1595,6603,LAKE HINDS,WA,-30.7534192,116.5662223
1596,6603,LAKE NINAN,WA,-30.9424256,116.6396565
1597,6603,MOCARDY,WA,-30.8717875,116.9025447
1598,6603,WONGAN HILLS,WA,-30.8314439,116.6994431
1599,6605,KONDUT,WA,-30.7189059,116.8439147
1600,6606,BALLIDU,WA,-30.5964473,116.7699432
1601,6606,EAST BALLIDU,WA,-30.5596814,116.8886314
1602,6606,WEST BALLIDU,WA,-30.6099105,116.6546211
1603,6608,PITHARA,WA,-30.3868692,116.6692616
1604,6608,EAST DAMBORING,WA,-30.4737535,116.8023264
1605,6608,MARNE,WA,-30.4618882,116.6801561
1606,6609,DALWALLINU,WA,-30.2865969,116.6631228
1607,6609,NUGADONG,WA,-30.198413,116.8098632
1608,6609,XANTIPPE,WA,-30.2406505,116.9994937
1609,6612,JIBBERDING,WA,-29.9459661,116.8498494
1610,6612,MIAMOON,WA,-30.1515603,116.482168
1611,6612,PAYNES FIND,WA,-29.283289,117.4921297
1612,6612,WUBIN,WA,-30.1065209,116.6301404
1613,6613,BUNTINE,WA,-29.9852088,116.5845767
1614,6614,MAYA,WA,-29.8565149,116.5845767
1615,6616,LATHAM,WA,-29.7542682,116.5609857
1616,6620,ROTHSAY,WA,-29.1796601,116.7159396
1617,6620,PERENJORI,WA,-29.4435369,116.2886743
1618,6620,BUNJIL,WA,-29.6524,116.365
1619,6623,BOWGADA,WA,-29.3423856,116.1619156
1620,6623,BUNJIL,WA,-29.1982083,116.1359431
1621,6623,GUTHA,WA,-28.9892392,116.111296
1622,6623,KOOLANOOKA,WA,-29.2690952,116.0720886
1623,6623,MORAWA,WA,-29.2125823,116.0101805
1624,6623,PINTHARUKA,WA,-29.0609765,116.1112319
1625,6625,MERKANOOKA,WA,-29.2237,115.805
1626,6627,CANNA,WA,-28.8381495,115.9940986
1627,6628,TARDUN,WA,-28.7902141,115.8048521
1628,6630,WOOLGORONG,WA,-27.7455818,115.8304014
1629,6630,WONGOONDY,WA,-28.8262478,115.5161181
1630,6630,WEST CASUARINAS,WA,-28.9321,115.265
1631,6630,NUNIERRA,WA,-28.1541428,115.6844788
1632,6630,NERRAMYNE,WA,-27.7247477,115.5015157
1633,6630,MURCHISON,WA,-26.1402014,116.1604811
1634,6630,DEVILS CREEK,WA,-28.6731066,115.516158
1635,6630,MULLEWA,WA,-28.5395545,115.5132564
1636,6631,PINDAR,WA,-28.5441687,115.9467997
1637,6632,AMBANIA,WA,-28.5861055,115.1626639
1638,6632,TENINDEWA,WA,-28.6242265,115.3634534
1639,6635,YALGOO,WA,-28.3400575,116.6829413
1640,6635,SOUTH MURCHISON,WA,-26.9895141,116.5081068
1641,6638,DAGGAR HILLS,WA,-28.1634939,117.6407141
1642,6638,COOLADAR HILL,WA,-28.4985196,118.1637832
1643,6638,MOUNT MAGNET,WA,-28.0651981,117.8488429
1644,6638,PAYNESVILLE,WA,-28.014494,118.5768157
1645,6639,SANDSTONE,WA,-28.6401506,119.0459927
1646,6640,CUE,WA,-27.4245835,117.89672
1647,6640,EAST MURCHISON,WA,-26.3776538,117.145989
1648,6640,LAKE AUSTIN,WA,-27.4958504,118.0352693
1649,6640,REEDY,WA,-27.1205982,118.0836282
1650,6640,WELD RANGE,WA,-27.0892768,117.6746288
1651,6642,PEAK HILL,WA,-25.0940134,118.2984611
1652,6642,KUMARINA,WA,-25.3098071,119.4464353
1653,6642,MEEKATHARRA,WA,-26.5952143,118.4975385
1654,6642,CAPRICORN,WA,-23.91414,119.7629597
1655,6642,ANGELO RIVER,WA,-23.5736732,118.4950263
1656,6642,KARALUNDI,WA,-26.1252,118.68
1657,6646,LAKE CARNEGIE,WA,-26.2393342,122.5598994
1658,6646,LITTLE SANDY DESERT,WA,-24.9455019,121.5914304
1659,6646,WILUNA,WA,-26.5943155,120.2273517
1660,6701,NINGALOO,WA,-22.6799051,113.6980491
1661,6701,MASSEY BAY,WA,-24.9062983,113.6852854
1662,6701,MAUDS LANDING,WA,-23.1291,113.781
1663,6701,MINILYA,WA,-23.8158166,114.0093692
1664,6701,MORGANTOWN,WA,-24.8765299,113.6601223
1665,6701,NORTH PLANTATIONS,WA,-24.825529,113.7677271
1666,6701,MACLEOD,WA,-24.4121813,113.502609
1667,6701,SOUTH PLANTATIONS,WA,-24.8521433,113.7301089
1668,6701,TALISKER,WA,-26.2708349,115.2592396
1669,6701,WOODLEIGH,WA,-26.2080655,114.8765764
1670,6701,WOORAMEL,WA,-25.7560597,114.2700706
1671,6701,YALARDY,WA,-26.0960426,115.2471509
1672,6701,YANDOO CREEK,WA,-24.3129912,114.3287097
1673,6701,LYNDON,WA,-23.3717748,114.3268509
1674,6701,SOUTH CARNARVON,WA,-24.8920581,113.657359
1675,6701,KENNEDY RANGE,WA,-24.6861112,114.9516641
1676,6701,INGGARDA,WA,-24.9861234,114.2458481
1677,6701,GREYS PLAIN,WA,-24.882914,113.6997494
1678,6701,GILROYD,WA,-25.8919552,115.163723
1679,6701,EAST CARNARVON,WA,-24.864384,113.6777575
1680,6701,DORRE ISLAND,WA,-25.062242,113.1084191
1681,6701,CORAL BAY,WA,-23.1436708,113.7715359
1682,6701,CARNARVON,WA,-24.8877473,113.6621827
1683,6701,CARBLA,WA,-26.1802189,114.3779206
1684,6701,BROWN RANGE,WA,-24.8926332,113.7175207
1685,6701,BROCKMAN,WA,-24.876273,113.6508076
1686,6701,BERNIER ISLAND,WA,-24.8504267,113.1381998
1687,6701,BABBAGE ISLAND,WA,-24.8753117,113.6321177
1688,6701,KINGSFORD,WA,-24.8648384,113.6932106
1689,6705,WEST LYONS RIVER,WA,-24.4598198,115.6121672
1690,6705,GASCOYNE RIVER,WA,-25.4348172,116.0962081
1691,6705,EAST LYONS RIVER,WA,-24.2964216,117.3137908
1692,6705,GASCOYNE JUNCTION,WA,-25.054158,115.20785
1693,6707,CAPE RANGE NATIONAL PARK,WA,-22.1493202,113.9188374
1694,6707,EXMOUTH,WA,-21.9313388,114.1236812
1695,6707,EXMOUTH GULF,WA,-22.6771467,114.0538987
1696,6707,LEARMONTH,WA,-22.2618012,114.0964216
1697,6707,NORTH WEST CAPE,WA,-21.8876412,114.1294021
1698,6710,YANNARIE,WA,-22.8641884,114.9547574
1699,6710,CANE,WA,-22.1930531,115.9782559
1700,6710,ONSLOW,WA,-21.662723,115.1069826
1701,6710,PEEDAMULLA,WA,-21.8712871,115.6801124
1702,6710,TALANDJI,WA,-22.1187326,114.9895719
1703,6711,THEVENARD ISLAND,WA,-21.4573024,115.0205898
1704,6712,BARROW ISLAND,WA,-20.7804342,115.4022706
1705,6713,DAMPIER,WA,-20.662122,116.7107712
1706,6713,DAMPIER ARCHIPELAGO,WA,-20.5404953,116.7312142
1707,6714,STOVE HILL,WA,-20.7828244,116.8309602
1708,6714,SHERLOCK,WA,-20.8986196,117.7416713
1709,6714,PEGS CREEK,WA,-20.7317472,116.8388031
1710,6714,NICKOL,WA,-20.7417547,116.7997139
1711,6714,MULATAGA,WA,-20.7494658,116.8688671
1712,6714,MOUNT ANKETELL,WA,-20.7281898,117.0210571
1713,6714,MILLARS WELL,WA,-20.7428012,116.817208
1714,6714,MAITLAND,WA,-20.9942995,116.6896664
1715,6714,KARRATHA INDUSTRIAL ESTATE,WA,-20.7678064,116.8708786
1716,6714,MARDIE,WA,-21.0617967,116.1665491
1717,6714,GNOOREA,WA,-20.8361179,116.3865255
1718,6714,ANTONYMYRE,WA,-20.6543013,117.0915622
1719,6714,KARRATHA,WA,-20.7337105,116.8447425
1720,6714,BAYNTON,WA,-20.752044,116.800472
1721,6714,BULGARRA,WA,-20.7279036,116.8576618
1722,6714,BALLA BALLA,WA,-20.6924552,117.7868166
1723,6714,CLEAVERVILLE,WA,-20.6612437,116.9981921
1724,6714,COOYA POOYA,WA,-20.9649667,117.0852797
1725,6714,GAP RIDGE,WA,-20.7372993,116.7665214
1726,6714,BURRUP,WA,-20.6230557,116.7688919
1727,6716,FORTESCUE,WA,-21.675644,115.8627109
1728,6716,HAMERSLEY RANGE,WA,-22.3156203,117.000292
1729,6716,MILLSTREAM,WA,-21.4196487,117.16063
1730,6716,PANNAWONICA,WA,-21.6386217,116.3218767
1731,6718,WHIM CREEK,WA,-20.8632961,117.8337189
1732,6718,ROEBOURNE,WA,-20.7505507,117.1970557
1733,6720,POINT SAMSON,WA,-20.627891,117.181664
1734,6720,WICKHAM,WA,-20.6731994,117.147269
1735,6720,COSSACK,WA,-20.6810063,117.1855226
1736,6721,INDEE,WA,-20.9317135,118.4699355
1737,6721,MUNDABULLANGANA,WA,-20.5201091,118.0600948
1738,6721,PARDOO,WA,-20.0555823,119.8221878
1739,6721,PORT HEDLAND,WA,-20.3839142,118.6483796
1740,6721,REDBANK,WA,-20.3450347,118.6142339
1741,6721,STRELLEY,WA,-20.4548887,119.0020668
1742,6721,WALLAREENYA,WA,-20.7457664,118.8096123
1743,6721,WEDGEFIELD,WA,-20.3635094,118.5903683
1744,6722,BOODARIE,WA,-20.427311,118.5534924
1745,6722,DE GREY,WA,-20.3122795,119.2481337
1746,6722,FINUCANE,WA,-20.2967893,118.5697792
1747,6722,PIPPINGARRA,WA,-20.4534138,118.8091232
1748,6722,SOUTH HEDLAND,WA,-20.3927247,118.6015553
1749,6723,GOLDSWORTHY,WA,-20.3398,119.518
1750,6725,BILINGURR,WA,-17.9255022,122.2336239
1751,6725,BROOME,WA,-17.9644291,122.2303657
1752,6725,DAMPIER PENINSULA,WA,-16.943814,122.753889
1753,6725,DJUGUN,WA,-17.9393705,122.2287389
1754,6725,EIGHTY MILE BEACH,WA,-19.7242706,120.7410108
1755,6725,GINGERAH,WA,-18.3669043,122.9989482
1756,6725,LAGRANGE,WA,-18.7211159,121.87976
1757,6725,MINYIRR,WA,-17.9911261,122.2056683
1758,6725,ROEBUCK,WA,-17.8711046,122.371121
1759,6725,WATERBANK,WA,-17.8193984,122.2202403
1760,6726,CABLE BEACH,WA,-17.9521644,122.2114952
1761,6728,WILLARE,WA,-17.7265497,123.6565492
1762,6728,ST GEORGE RANGES,WA,-18.4878325,124.3952278
1763,6728,MEDA,WA,-17.4055962,124.053076
1764,6728,KING LEOPOLD RANGES,WA,-17.0625482,125.7081746
1765,6728,KIMBOLTON,WA,-16.655747,124.3771901
1766,6728,GEEGULLY CREEK,WA,-18.304586,123.8276668
1767,6728,DERBY,WA,-17.4399942,123.7440145
1768,6728,CAMBALLIN,WA,-17.9518176,124.2522537
1769,6731,COCKATOO ISLAND,WA,-16.0939142,123.6091835
1770,6733,KOOLAN ISLAND,WA,-16.131541,123.7573596
1771,6740,DRYSDALE RIVER,WA,-14.7696332,126.773885
1772,6740,KALUMBURU,WA,-14.2935938,126.6446291
1773,6740,MITCHELL PLATEAU,WA,-14.8777754,125.8593186
1774,6740,OOMBULGURRI,WA,-15.1800065,127.8447944
1775,6740,PRINCE REGENT RIVER,WA,-15.727775,125.481303
1776,6740,WYNDHAM,WA,-15.5847,128.22
1777,6743,WIJILAWARRIM,WA,0.0,0.0
1778,6743,WARMUN,WA,-17.0297325,128.2107656
1779,6743,LAKE ARGYLE,WA,-16.3214881,128.7996239
1780,6743,KUNUNURRA,WA,-15.6049485,128.7654685
1781,6743,GIBB,WA,-16.4224499,126.4694467
1782,6743,DURACK,WA,-16.3102973,128.248069
1783,6743,CAMBRIDGE GULF,WA,-15.1590352,128.5565144
1784,6751,CHICHESTER,WA,-21.8870523,117.9988761
1785,6751,INNAWANGA,WA,-23.3720694,117.0361591
1786,6751,JUNA DOWNS,WA,-22.8569184,118.623667
1787,6751,KARIJINI,WA,-22.5591185,118.4559953
1788,6751,MOUNT SHEILA,WA,-22.4914514,117.7236591
1789,6751,MULGA DOWNS,WA,-22.2342122,119.0244186
1790,6751,NANUTARRA,WA,-22.5425127,115.4998766
1791,6751,ROCKLEA,WA,-22.8839062,117.4486062
1792,6751,TOM PRICE,WA,-22.6961432,117.795009
1793,6751,WITTENOOM,WA,-22.2738995,118.3211638
1794,6753,NEWMAN,WA,-22.9798905,119.7889248
1795,6754,PARABURDOO,WA,-23.1953868,117.7138785
1796,6758,NULLAGINE,WA,-22.0063375,120.3435506
1797,6760,MARBLE BAR,WA,-21.0487557,119.9740534
1798,6761,SHAY GAP,WA,-20.4235,120.13
1799,6762,TELFER,WA,-21.0976372,123.7964613
1800,6765,FITZROY CROSSING,WA,-18.1936537,125.5603732
1801,6765,MOUNT HARDMAN,WA,-17.8264158,124.7740793
1802,6770,HALLS CREEK,WA,-18.2229402,127.6700702
1803,6770,MCBEATH,WA,-18.241009,127.6885569
1804,6770,MUELLER RANGES,WA,-18.7062017,126.8735589
1805,6770,ORD RIVER,WA,-17.4007187,128.0254764
1806,6770,PURNULULU,WA,-17.5095625,128.3929045
1807,6770,STURT CREEK,WA,-19.3495758,127.7836709
1808,6770,TANAMI,WA,-20.7659622,127.3871425
1809,6798,CHRISTMAS ISLAND,WA,-10.447525,105.690449
1810,6799,HOME ISLAND COCOS (KEELING) ISLANDS,WA,-12.164165,96.870956
1811,6799,WEST ISLAND COCOS (KEELING) ISLANDS,WA,-12.1887006,96.8293902
1812,6800,PERTH,WA,-31.9505269,115.8604572
1813,6803,NORTHBRIDGE,WA,-31.9436,115.854
1814,6809,PERTH,WA,-31.9505269,115.8604572
1815,6817,PERTH,WA,-31.9505269,115.8604572
1816,6820,PERTH,WA,-31.9505269,115.8604572
1817,6827,PERTH,WA,-31.9505269,115.8604572
1818,6830,PERTH,WA,-31.9505269,115.8604572
1819,6831,PERTH ST GEORGES TCE,WA,-31.9550026,115.8573061
1820,6832,PERTH EAST ST GEORGES TCE,WA,-31.955,115.857
1821,6837,PERTH,WA,-31.9505269,115.8604572
1822,6838,PERTH,WA,-31.9505269,115.8604572
1823,6839,PERTH,WA,-31.9505269,115.8604572
1824,6840,PERTH,WA,-31.9505269,115.8604572
1825,6841,PERTH,WA,-31.9505269,115.8604572
1826,6842,PERTH,WA,-31.9505269,115.8604572
1827,6843,PERTH,WA,-31.9505269,115.8604572
1828,6844,PERTH,WA,-31.9505269,115.8604572
1829,6845,PERTH,WA,-31.9505269,115.8604572
1830,6846,PERTH,WA,-31.9505269,115.8604572
1831,6847,PERTH,WA,-31.9505269,115.8604572
1832,6848,PERTH,WA,-31.9505269,115.8604572
1833,6849,PERTH BC,WA,-31.9488,115.864
1834,6850,CLOISTERS SQUARE,WA,-31.9525294,115.8535661
1835,6850,CLOISTERS SQUARE PO,WA,-31.9525,115.854
1836,6865,NORTHBRIDGE,WA,-31.9436,115.854
1837,6872,WEST PERTH,WA,-31.9453285,115.8474335
1838,6892,EAST PERTH,WA,-31.9607635,115.8745971
1839,6900,LEEDERVILLE,WA,-31.932,115.841
1840,6901,WEST LEEDERVILLE,WA,-31.9406909,115.8316845
1841,6902,LEEDERVILLE,WA,-31.932,115.841
1842,6903,LEEDERVILLE,WA,-31.932,115.841
1843,6904,SUBIACO,WA,-31.9469931,115.8285548
1844,6904,SUBIACO PO,WA,-31.9499,115.824
1845,6905,NORTHLANDS,WA,-27.6728,121.628
1846,6905,NORTHLANDS PO,WA,-27.6728,121.628
1847,6906,NORTH PERTH,WA,-31.9273833,115.852472
1848,6907,NEDLANDS,WA,-31.9791,115.804
1849,6909,NEDLANDS,WA,-31.9791,115.804
1850,6910,CLAREMONT,WA,-31.9842456,115.7780005
1851,6911,COTTESLOE,WA,-31.9896506,115.7630503
1852,6912,MOSMAN PARK,WA,-32.0150977,115.766391
1853,6913,WEMBLEY,WA,-31.9343,115.82
1854,6914,BALCATTA,WA,-31.8601754,115.8104652
1855,6915,MOUNT HAWTHORN,WA,-31.9195792,115.8355846
1856,6916,OSBORNE PARK,WA,-31.9142574,115.8230694
1857,6916,OSBORNE PARK DC,WA,-31.9143,115.823
1858,6917,OSBORNE PARK,WA,-31.9142574,115.8230694
1859,6918,INNALOO,WA,-31.8943,115.796
1860,6919,JOONDALUP DC,WA,-31.7412,115.759
1861,6920,NORTH BEACH,WA,-31.8611706,115.7582009
1862,6921,KARRINYUP,WA,-31.8739029,115.7708104
1863,6922,SCARBOROUGH,WA,-31.8980316,115.7715973
1864,6923,HILLARYS,WA,-31.8083,115.744
1865,6924,GREENWOOD,WA,-31.8248279,115.804795
1866,6925,WALLISTON DC,WA,-31.994,116.072
1867,6926,KALAMUNDA,WA,-31.9755983,116.0565936
1868,6929,MOUNT LAWLEY,WA,-31.9320594,115.8741149
1869,6931,MAYLANDS,WA,-31.9286,115.892
1870,6932,INGLEWOOD,WA,-31.9168382,115.8851214
1871,6933,BAYSWATER,WA,-31.9217591,115.925209
1872,6934,BASSENDEAN,WA,-31.9076376,115.9425873
1873,6935,GUILDFORD,WA,-31.8989836,115.9718099
1874,6936,MIDLAND DC,WA,-31.8918,116.013
1875,6937,TUART HILL,WA,-31.8965657,115.8355162
1876,6938,TUART HILL,WA,-31.8965657,115.8355162
1877,6939,TUART HILL,WA,-31.8965657,115.8355162
1878,6940,TUART HILL,WA,-31.8965657,115.8355162
1879,6941,MIRRABOOKA,WA,-31.8662015,115.8662538
1880,6942,BASSENDEAN DC,WA,-31.9032,115.928
1881,6943,MORLEY,WA,-31.8889571,115.9181651
1882,6944,MALAGA,WA,47.3723503,-120.2011769
1883,6945,MALAGA DC,WA,-31.8556,115.893
1884,6946,WANNEROO,WA,-31.7572961,115.8064758
1885,6947,WANGARA DC,WA,-31.7888,115.814
1886,6951,SOUTH PERTH,WA,-31.9809515,115.8639168
1887,6952,COMO,WA,-32.0010903,115.8617166
1888,6953,APPLECROSS,WA,-32.0116,115.839
1889,6954,BOORAGOON,WA,-32.0364,115.838
1890,6955,WILLETTON,WA,-32.0488,115.892
1891,6956,MELVILLE,WA,-32.0414618,115.8034715
1892,6957,PALMYRA,WA,-32.0458,115.785
1893,6958,ROYAL AUSTRALIAN NAVY WARSHIPS,WA,47.7511,-120.74
1894,6959,FREMANTLE,WA,-32.0518191,115.7551085
1895,6960,MYAREE BC,WA,-32.04,115.816
1896,6961,PALMYRA DC,WA,-32.0516,115.791
1897,6963,HAMILTON HILL,WA,-32.0860323,115.7764909
1898,6964,SUCCESS,WA,-32.1536587,115.8463549
1899,6965,BIBRA LAKE DC,WA,-32.0977,115.8
1900,6966,KWINANA,WA,-32.2260862,115.7763846
1901,6967,ROCKINGHAM DC,WA,-32.2781,115.735
1902,6968,ROCKINGHAM,WA,-32.2780954,115.7351403
1903,6969,ROCKINGHAM BEACH,WA,-32.2676646,115.7396753
1904,6970,CANNING VALE DC,WA,-32.0582,115.918
1905,6979,VICTORIA PARK,WA,-31.9750418,115.8977211
1906,6980,CANNINGTON,WA,-32.0179,115.935
1907,6981,EAST VICTORIA PARK,WA,-31.9889419,115.9060249
1908,6982,BENTLEY,WA,-32.0041058,115.8964003
1909,6983,BENTLEY DC,WA,-31.9924,115.889
1910,6984,BELMONT,WA,-31.953847,115.9261098
1911,6985,CLOVERDALE,WA,-31.9624535,115.9447259
1912,6986,WELSHPOOL DC,WA,-31.9891,115.945
1913,6987,CANNINGTON,WA,-32.0179,115.935
1914,6988,THORNLIE,WA,-32.057869,115.9633053
1915,6989,MADDINGTON,WA,-32.0502858,115.9844929
1916,6990,GOSNELLS,WA,-32.0823022,115.9902668
1917,6991,KELMSCOTT,WA,-32.1144,116.015
1918,6992,ARMADALE,WA,-32.1473012,116.0128764
1919,6997,KELMSCOTT DC,WA,-32.1299,116.007
